"Status","Start Time","Stop Time","Duration in ms","Parent Suite","Suite","Sub Suite","Test Class","Test Method","Name","Description"
"passed","Thu Oct 02 03:49:03 GMT 2025","Thu Oct 02 03:49:03 GMT 2025","140","","integration.tests.SystemEngineDatabaseMetaDataTest","","integration.tests.SystemEngineDatabaseMetaDataTest","getColumns","getColumns(String, String, String, String, String, String) [9] {database}, %schema, null, null, information_schema.columns.column_name, null",""
"passed","Thu Oct 02 03:46:39 GMT 2025","Thu Oct 02 03:46:40 GMT 2025","722","","integration.tests.NullableValuesTest","","integration.tests.NullableValuesTest","preparedStatementUsingStringValueContainsStringNull","preparedStatementUsingStringValueContainsStringNull()",""
"passed","Thu Oct 02 03:49:05 GMT 2025","Thu Oct 02 03:49:05 GMT 2025","85","","integration.tests.SystemEngineDatabaseMetaDataTest","","integration.tests.SystemEngineDatabaseMetaDataTest","getColumns","getColumns(String, String, String, String, String, String) [31] null, null, null, nobody, null, information_schema.columns.column_name",""
"passed","Thu Oct 02 03:49:00 GMT 2025","Thu Oct 02 03:49:00 GMT 2025","84","","integration.tests.SystemEngineDatabaseMetaDataTest","","integration.tests.SystemEngineDatabaseMetaDataTest","getTables","getTables(String, String, String, String, String, String) [16] {database}, null, %in%, null, engines, tables",""
"passed","Thu Oct 02 03:46:36 GMT 2025","Thu Oct 02 03:46:36 GMT 2025","86","","integration.tests.DatabaseMetaDataTest","","integration.tests.DatabaseMetaDataTest","getTables","getTables(String, String, String, String, String, String) [4] null, null, null, TABLE, integration_test, views;tables",""
"passed","Thu Oct 02 03:46:36 GMT 2025","Thu Oct 02 03:46:36 GMT 2025","89","","integration.tests.DatabaseMetaDataTest","","integration.tests.DatabaseMetaDataTest","getTables","getTables(String, String, String, String, String, String) [3] null, null, null, VIEW;TABLE, integration_test;tables;views, null",""
"passed","Thu Oct 02 04:01:29 GMT 2025","Thu Oct 02 04:01:29 GMT 2025","6","","integration.tests.client.UsageTrackingTest","","integration.tests.client.UsageTrackingTest","shouldSendRequestWithUserAgentHeaderContainingDriverAndClientInfo","shouldSendRequestWithUserAgentHeaderContainingDriverAndClientInfo()",""
"passed","Thu Oct 02 03:48:57 GMT 2025","Thu Oct 02 03:48:58 GMT 2025","84","","integration.tests.SystemEngineDatabaseMetaDataTest","","integration.tests.SystemEngineDatabaseMetaDataTest","getSchemasInformationSchema","getSchemasInformationSchema(String, String, String) [2] null, information_schema, information_schema",""
"passed","Thu Oct 02 03:49:02 GMT 2025","Thu Oct 02 03:49:02 GMT 2025","127","","integration.tests.SystemEngineDatabaseMetaDataTest","","integration.tests.SystemEngineDatabaseMetaDataTest","getColumns","getColumns(String, String, String, String, String, String) [4] null, %schema, null, null, information_schema.columns.column_name, null",""
"passed","Thu Oct 02 03:49:01 GMT 2025","Thu Oct 02 03:49:01 GMT 2025","82","","integration.tests.SystemEngineDatabaseMetaDataTest","","integration.tests.SystemEngineDatabaseMetaDataTest","getTables","getTables(String, String, String, String, String, String) [24] null, %schema, %in%, VIEW, engines, tables",""
"passed","Thu Oct 02 03:48:23 GMT 2025","Thu Oct 02 03:48:24 GMT 2025","459","","integration.tests.StatementTest","","integration.tests.StatementTest","empty","empty(String) query:     ;",""
"passed","Thu Oct 02 03:49:05 GMT 2025","Thu Oct 02 03:49:05 GMT 2025","84","","integration.tests.SystemEngineDatabaseMetaDataTest","","integration.tests.SystemEngineDatabaseMetaDataTest","getColumns","getColumns(String, String, String, String, String, String) [29] {database}, %schema, %in%, region, information_schema.engines.region, information_schema.engines.status",""
"passed","Thu Oct 02 04:01:14 GMT 2025","Thu Oct 02 04:01:14 GMT 2025","85","","integration.tests.TimestampTest","","integration.tests.TimestampTest","shouldReturnTimestampFromTimestampntz","shouldReturnTimestampFromTimestampntz()",""
"passed","Thu Oct 02 03:47:12 GMT 2025","Thu Oct 02 03:47:13 GMT 2025","951","","integration.tests.PreparedStatementTest","","integration.tests.PreparedStatementTest","canUseTimestampParameterWithSqlType","canUseTimestampParameterWithSqlType()",""
"passed","Thu Oct 02 04:01:11 GMT 2025","Thu Oct 02 04:01:11 GMT 2025","240","","integration.tests.TimestampTest","","integration.tests.TimestampTest","shouldReturnTimestampFromTimestamptz","shouldReturnTimestampFromTimestamptz()",""
"passed","Thu Oct 02 03:49:01 GMT 2025","Thu Oct 02 03:49:01 GMT 2025","83","","integration.tests.SystemEngineDatabaseMetaDataTest","","integration.tests.SystemEngineDatabaseMetaDataTest","getTables","getTables(String, String, String, String, String, String) [25] null, %form%, %in%, VIEW, engines, tables",""
"passed","Thu Oct 02 03:47:36 GMT 2025","Thu Oct 02 03:47:36 GMT 2025","79","","integration.tests.SpecialValuesTest","","integration.tests.SpecialValuesTest","infDoubleUserEngine","infDoubleUserEngine(String) [2] select '+inf'::double",""
"passed","Thu Oct 02 03:49:00 GMT 2025","Thu Oct 02 03:49:01 GMT 2025","81","","integration.tests.SystemEngineDatabaseMetaDataTest","","integration.tests.SystemEngineDatabaseMetaDataTest","getTables","getTables(String, String, String, String, String, String) [22] null, information_schema, %in%, VIEW, engines, tables",""
"passed","Thu Oct 02 03:48:26 GMT 2025","Thu Oct 02 03:48:29 GMT 2025","2586","","integration.tests.StatementTest","","integration.tests.StatementTest","shouldExecuteBatch","shouldExecuteBatch()",""
"passed","Thu Oct 02 03:43:45 GMT 2025","Thu Oct 02 03:43:51 GMT 2025","6004","","integration.tests.AsyncQueryTest","","integration.tests.AsyncQueryTest","executeServerSideAsyncTestFetchStatusWorksOnDifferentEngines","executeServerSideAsyncTestFetchStatusWorksOnDifferentEngines()",""
"passed","Thu Oct 02 03:47:21 GMT 2025","Thu Oct 02 03:47:22 GMT 2025","942","","integration.tests.PreparedStatementTest","","integration.tests.PreparedStatementTest","shouldInsertAndSelectStreams","shouldInsertAndSelectStreams()",""
"passed","Thu Oct 02 04:01:31 GMT 2025","Thu Oct 02 04:01:32 GMT 2025","1117","","integration.tests.datatype.BooleanTest","","integration.tests.datatype.BooleanTest","willFailToSetTheBooleanValue","willFailToSetTheBooleanValue()",""
"passed","Thu Oct 02 03:46:12 GMT 2025","Thu Oct 02 03:46:13 GMT 2025","1105","","integration.tests.ConnectionTest","","integration.tests.ConnectionTest","networkPolicyBlockedServiceAccountThrowsError","networkPolicyBlockedServiceAccountThrowsError()",""
"passed","Thu Oct 02 03:48:21 GMT 2025","Thu Oct 02 03:48:22 GMT 2025","486","","integration.tests.StatementTest","","integration.tests.StatementTest","setWrongParameterOnSystemEngineForV2","setWrongParameterOnSystemEngineForV2(String, String, String) [2] set foo=bar, Unknown setting foo, 1",""
"passed","Thu Oct 02 03:49:02 GMT 2025","Thu Oct 02 03:49:02 GMT 2025","127","","integration.tests.SystemEngineDatabaseMetaDataTest","","integration.tests.SystemEngineDatabaseMetaDataTest","getColumns","getColumns(String, String, String, String, String, String) [5] null, %form%, null, null, information_schema.columns.column_name, null",""
"passed","Thu Oct 02 04:01:12 GMT 2025","Thu Oct 02 04:01:12 GMT 2025","163","","integration.tests.TimestampTest","","integration.tests.TimestampTest","shouldReturnTimestampFromTimestampTzWithTzWithHoursAndMinutesAndSeconds","shouldReturnTimestampFromTimestampTzWithTzWithHoursAndMinutesAndSeconds()",""
"passed","Thu Oct 02 03:49:02 GMT 2025","Thu Oct 02 03:49:02 GMT 2025","124","","integration.tests.SystemEngineDatabaseMetaDataTest","","integration.tests.SystemEngineDatabaseMetaDataTest","getColumns","getColumns(String, String, String, String, String, String) [7] {database}, information_schema, null, null, information_schema.columns.column_name, null",""
"passed","Thu Oct 02 03:46:52 GMT 2025","Thu Oct 02 03:46:53 GMT 2025","800","","integration.tests.PreparedStatementArrayTest","","integration.tests.PreparedStatementArrayTest","nullArrays","nullArrays(PreparedStatementValueSetter) set OBJECT",""
"passed","Thu Oct 02 03:49:04 GMT 2025","Thu Oct 02 03:49:04 GMT 2025","86","","integration.tests.SystemEngineDatabaseMetaDataTest","","integration.tests.SystemEngineDatabaseMetaDataTest","getColumns","getColumns(String, String, String, String, String, String) [24] null, %schema, %in%, table_name, information_schema.indexes.table_name, information_schema.indexes.table_type",""
"passed","Thu Oct 02 04:01:24 GMT 2025","Thu Oct 02 04:01:24 GMT 2025","113","","integration.tests.TransactionTest","","integration.tests.TransactionTest","shouldThrowExceptionWhenCommitingWithNoTransaction","shouldThrowExceptionWhenCommitingWithNoTransaction()",""
"passed","Thu Oct 02 03:48:58 GMT 2025","Thu Oct 02 03:48:58 GMT 2025","83","","integration.tests.SystemEngineDatabaseMetaDataTest","","integration.tests.SystemEngineDatabaseMetaDataTest","getSchemasInformationSchema","getSchemasInformationSchema(String, String, String) [12] wrong_catalog, %form%, null",""
"passed","Thu Oct 02 03:47:13 GMT 2025","Thu Oct 02 03:47:14 GMT 2025","993","","integration.tests.PreparedStatementTest","","integration.tests.PreparedStatementTest","shouldInsertAndRetrieveUrl","shouldInsertAndRetrieveUrl()",""
"passed","Thu Oct 02 03:48:18 GMT 2025","Thu Oct 02 03:48:18 GMT 2025","420","","integration.tests.StatementTest","","integration.tests.StatementTest","shouldThrowExceptionWhenTryingToExecuteQueryThatWouldReturnMultipleResultSets","shouldThrowExceptionWhenTryingToExecuteQueryThatWouldReturnMultipleResultSets()",""
"passed","Thu Oct 02 03:48:22 GMT 2025","Thu Oct 02 03:48:22 GMT 2025","467","","integration.tests.StatementTest","","integration.tests.StatementTest","failedSettingPropertyThatRequiresAdvancedModeThatWasNotSet","failedSettingPropertyThatRequiresAdvancedModeThatWasNotSet()",""
"passed","Thu Oct 02 03:47:08 GMT 2025","Thu Oct 02 03:47:09 GMT 2025","1073","","integration.tests.PreparedStatementFbNumericTest","","integration.tests.PreparedStatementFbNumericTest","shouldInsertRecordsInBatch","shouldInsertRecordsInBatch()",""
"passed","Thu Oct 02 03:46:14 GMT 2025","Thu Oct 02 03:46:14 GMT 2025","82","","integration.tests.ConnectionTest","","integration.tests.ConnectionTest","successfulConnect","successfulConnect(boolean, boolean) V2 using db:true engine:true",""
"passed","Thu Oct 02 04:01:18 GMT 2025","Thu Oct 02 04:01:19 GMT 2025","575","","integration.tests.TransactionTest","","integration.tests.TransactionTest","shouldNotCommitTransactionWhenConnectionClosesOnAutoCommitFalse","shouldNotCommitTransactionWhenConnectionClosesOnAutoCommitFalse()",""
"passed","Thu Oct 02 03:47:36 GMT 2025","Thu Oct 02 03:47:36 GMT 2025","79","","integration.tests.SpecialValuesTest","","integration.tests.SpecialValuesTest","nanRealSystemEngine","nanRealSystemEngine(String) [2] select '+nan'::real",""
"passed","Thu Oct 02 03:49:04 GMT 2025","Thu Oct 02 03:49:04 GMT 2025","87","","integration.tests.SystemEngineDatabaseMetaDataTest","","integration.tests.SystemEngineDatabaseMetaDataTest","getColumns","getColumns(String, String, String, String, String, String) [26] {database}, null, %in%, table_catalog, information_schema.indexes.table_catalog, information_schema.indexes.table_schema",""
"passed","Thu Oct 02 03:48:59 GMT 2025","Thu Oct 02 03:48:59 GMT 2025","84","","integration.tests.SystemEngineDatabaseMetaDataTest","","integration.tests.SystemEngineDatabaseMetaDataTest","getTables","getTables(String, String, String, String, String, String) [10] {database}, %form%, null, null, tables, null",""
"passed","Thu Oct 02 03:48:56 GMT 2025","Thu Oct 02 03:48:56 GMT 2025","517","","integration.tests.StatementTest","","integration.tests.StatementTest","shouldNotCloseStatementWithCloseOnCompletionIfItHasMoreResults","shouldNotCloseStatementWithCloseOnCompletionIfItHasMoreResults()",""
"passed","Thu Oct 02 03:48:11 GMT 2025","Thu Oct 02 03:48:11 GMT 2025","631","","integration.tests.StatementTest","","integration.tests.StatementTest","setCorrectThenWrongParameterOnUserEngine","setCorrectThenWrongParameterOnUserEngine()",""
"passed","Thu Oct 02 03:48:24 GMT 2025","Thu Oct 02 03:48:24 GMT 2025","479","","integration.tests.StatementTest","","integration.tests.StatementTest","empty","empty(String) query:--;",""
"passed","Thu Oct 02 03:49:00 GMT 2025","Thu Oct 02 03:49:00 GMT 2025","85","","integration.tests.SystemEngineDatabaseMetaDataTest","","integration.tests.SystemEngineDatabaseMetaDataTest","getTables","getTables(String, String, String, String, String, String) [18] {database}, information%, %in%, null, engines, tables",""
"skipped","Thu Oct 02 03:46:13 GMT 2025","Thu Oct 02 03:46:13 GMT 2025","0","","integration.tests.ConnectionTest","","integration.tests.ConnectionTest","connectToWrongDbNotAttachedToEngine","connectToWrongDbNotAttachedToEngine()",""
"passed","Thu Oct 02 03:48:59 GMT 2025","Thu Oct 02 03:48:59 GMT 2025","127","","integration.tests.SystemEngineDatabaseMetaDataTest","","integration.tests.SystemEngineDatabaseMetaDataTest","getTables","getTables(String, String, String, String, String, String) [2] null, information_schema, null, null, tables, null",""
"passed","Thu Oct 02 04:01:11 GMT 2025","Thu Oct 02 04:01:11 GMT 2025","239","","integration.tests.TimestampTest","","integration.tests.TimestampTest","shouldReturnTimestampFromTimestamptzWithTime_zoneSettings","shouldReturnTimestampFromTimestamptzWithTime_zoneSettings()",""
"passed","Thu Oct 02 03:47:36 GMT 2025","Thu Oct 02 03:47:36 GMT 2025","80","","integration.tests.SpecialValuesTest","","integration.tests.SpecialValuesTest","nanFloatAsDoubleUserEngine","nanFloatAsDoubleUserEngine(String) [1] select 'nan'::float",""
"passed","Thu Oct 02 03:47:20 GMT 2025","Thu Oct 02 03:47:21 GMT 2025","853","","integration.tests.PreparedStatementTest","","integration.tests.PreparedStatementTest","shouldFetchTimestampAndDate","shouldFetchTimestampAndDate(Object, Object, boolean) [4] 2019-07-31 11:15:13.0, 2019-07-31, false",""
"passed","Thu Oct 02 03:48:52 GMT 2025","Thu Oct 02 03:48:52 GMT 2025","526","","integration.tests.StatementTest","","integration.tests.StatementTest","setWrongParameterOnSystemEngineOnUserEngine","setWrongParameterOnSystemEngineOnUserEngine()",""
"passed","Thu Oct 02 03:47:36 GMT 2025","Thu Oct 02 03:47:36 GMT 2025","79","","integration.tests.SpecialValuesTest","","integration.tests.SpecialValuesTest","minusInfDoubleUserEngine","minusInfDoubleUserEngine(String) [1] select '-inf'::double",""
"passed","Thu Oct 02 03:48:16 GMT 2025","Thu Oct 02 03:48:17 GMT 2025","534","","integration.tests.StatementTest","","integration.tests.StatementTest","failedSettingPropertyThatRequiresAdvancedModeThatWasUnset","failedSettingPropertyThatRequiresAdvancedModeThatWasUnset()",""
"passed","Thu Oct 02 04:01:12 GMT 2025","Thu Oct 02 04:01:12 GMT 2025","158","","integration.tests.TimestampTest","","integration.tests.TimestampTest","shouldReturnTimestampFromTimestampTzWithTzWithHoursAndMinutesWhenUsingTime_ZoneSettings","shouldReturnTimestampFromTimestampTzWithTzWithHoursAndMinutesWhenUsingTime_ZoneSettings()",""
"passed","Thu Oct 02 03:47:36 GMT 2025","Thu Oct 02 03:47:36 GMT 2025","78","","integration.tests.SpecialValuesTest","","integration.tests.SpecialValuesTest","nanRealSystemEngine","nanRealSystemEngine(String) [1] select 'nan'::real",""
"passed","Thu Oct 02 03:47:37 GMT 2025","Thu Oct 02 03:48:09 GMT 2025","31492","","integration.tests.StatementCancelTest","","integration.tests.StatementCancelTest","shouldCancelQueryV2","shouldCancelQueryV2()",""
"passed","Thu Oct 02 03:47:35 GMT 2025","Thu Oct 02 03:47:35 GMT 2025","78","","integration.tests.SpecialValuesTest","","integration.tests.SpecialValuesTest","nanDoubleUserEngine","nanDoubleUserEngine(String) [2] select '+nan'::double",""
"passed","Thu Oct 02 03:49:00 GMT 2025","Thu Oct 02 03:49:00 GMT 2025","83","","integration.tests.SystemEngineDatabaseMetaDataTest","","integration.tests.SystemEngineDatabaseMetaDataTest","getTables","getTables(String, String, String, String, String, String) [20] {database}, %form%, %in%, null, engines, tables",""
"passed","Thu Oct 02 03:48:24 GMT 2025","Thu Oct 02 03:48:25 GMT 2025","482","","integration.tests.StatementTest","","integration.tests.StatementTest","empty","empty(String) query:-- SELECT 1;",""
"passed","Thu Oct 02 03:46:45 GMT 2025","Thu Oct 02 03:46:46 GMT 2025","689","","integration.tests.PreparedStatementArrayTest","","integration.tests.PreparedStatementArrayTest","emptyIntegerAndStringValues","emptyIntegerAndStringValues(PreparedStatementValueSetter) set OBJECT",""
"passed","Thu Oct 02 03:46:37 GMT 2025","Thu Oct 02 03:46:39 GMT 2025","1970","","integration.tests.ExceptionTypeTest","","integration.tests.ExceptionTypeTest","shouldThrowRequestBodyTooLargeExceptionForLargeData","shouldThrowRequestBodyTooLargeExceptionForLargeData()",""
"passed","Thu Oct 02 03:48:09 GMT 2025","Thu Oct 02 03:48:10 GMT 2025","573","","integration.tests.StatementTest","","integration.tests.StatementTest","unlimitedMaxFieldSize","unlimitedMaxFieldSize(int) [2] -1",""
"passed","Thu Oct 02 03:48:59 GMT 2025","Thu Oct 02 03:48:59 GMT 2025","85","","integration.tests.SystemEngineDatabaseMetaDataTest","","integration.tests.SystemEngineDatabaseMetaDataTest","getTables","getTables(String, String, String, String, String, String) [5] null, %form%, null, null, tables, null",""
"passed","Thu Oct 02 03:47:35 GMT 2025","Thu Oct 02 03:47:35 GMT 2025","78","","integration.tests.SpecialValuesTest","","integration.tests.SpecialValuesTest","nanRealUserEngine","nanRealUserEngine(String) [2] select '+nan'::real",""
"passed","Thu Oct 02 03:55:03 GMT 2025","Thu Oct 02 04:01:07 GMT 2025","364094","","integration.tests.TimeoutTest","","integration.tests.TimeoutTest","shouldExecuteRequestWithoutTimeoutV2","shouldExecuteRequestWithoutTimeoutV2()",""
"passed","Thu Oct 02 03:46:40 GMT 2025","Thu Oct 02 03:46:41 GMT 2025","761","","integration.tests.NullableValuesTest","","integration.tests.NullableValuesTest","preparedStatementUsingExplicitNulls","preparedStatementUsingExplicitNulls()",""
"passed","Thu Oct 02 03:48:14 GMT 2025","Thu Oct 02 03:48:15 GMT 2025","1207","","integration.tests.StatementTest","","integration.tests.StatementTest","shouldReturnLimitedNumberOfLines","shouldReturnLimitedNumberOfLines()",""
"passed","Thu Oct 02 03:47:26 GMT 2025","Thu Oct 02 03:47:26 GMT 2025","700","","integration.tests.PreparedStatementTest","","integration.tests.PreparedStatementTest","shouldInsertRecordsUsingDifferentNumericTypes","shouldInsertRecordsUsingDifferentNumericTypes(String, CheckedVoidTriFunction, CheckedBiFunction) int",""
"passed","Thu Oct 02 03:48:57 GMT 2025","Thu Oct 02 03:48:57 GMT 2025","1","","integration.tests.SystemEngineDatabaseMetaDataTest","","integration.tests.SystemEngineDatabaseMetaDataTest","readOnly","readOnly()",""
"passed","Thu Oct 02 03:49:04 GMT 2025","Thu Oct 02 03:49:05 GMT 2025","84","","integration.tests.SystemEngineDatabaseMetaDataTest","","integration.tests.SystemEngineDatabaseMetaDataTest","getColumns","getColumns(String, String, String, String, String, String) [27] {database}, information_schema, %ac%, account_id, information_schema.accounts.account_id, information_schema.accounts.region",""
"passed","Thu Oct 02 03:47:09 GMT 2025","Thu Oct 02 03:47:10 GMT 2025","485","","integration.tests.PreparedStatementFbNumericTest","","integration.tests.PreparedStatementFbNumericTest","shouldSetParametersWithRandomIndex","shouldSetParametersWithRandomIndex()",""
"passed","Thu Oct 02 03:46:44 GMT 2025","Thu Oct 02 03:46:45 GMT 2025","885","","integration.tests.PreparedStatementArrayTest","","integration.tests.PreparedStatementArrayTest","emptyIntegerAndStringValues","emptyIntegerAndStringValues(PreparedStatementValueSetter) set ARRAY",""
"passed","Thu Oct 02 03:48:52 GMT 2025","Thu Oct 02 03:48:53 GMT 2025","452","","integration.tests.StatementTest","","integration.tests.StatementTest","failingQuery","failingQuery(String) [1] SELECT CONVERT(varchar, 3.14)",""
"passed","Thu Oct 02 03:47:37 GMT 2025","Thu Oct 02 03:47:37 GMT 2025","79","","integration.tests.SpecialValuesTest","","integration.tests.SpecialValuesTest","nanFloatAsDoubleSystemEngine","nanFloatAsDoubleSystemEngine(String) [2] select '+nan'::float",""
"passed","Thu Oct 02 03:51:02 GMT 2025","Thu Oct 02 03:51:05 GMT 2025","2076","","integration.tests.SystemEngineTest","","integration.tests.SystemEngineTest","useDatabase","useDatabase(String) [2] DATABASE",""
"passed","Thu Oct 02 03:49:00 GMT 2025","Thu Oct 02 03:49:00 GMT 2025","83","","integration.tests.SystemEngineDatabaseMetaDataTest","","integration.tests.SystemEngineDatabaseMetaDataTest","getTables","getTables(String, String, String, String, String, String) [19] {database}, %schema, %in%, null, engines, tables",""
"skipped","Thu Oct 02 04:01:29 GMT 2025","Thu Oct 02 04:01:29 GMT 2025","0","","integration.tests.datatype.BigDecimalTest","","integration.tests.datatype.BigDecimalTest","canInsertBigDecimalUsingPreparedStatement","canInsertBigDecimalUsingPreparedStatement()",""
"passed","Thu Oct 02 03:46:48 GMT 2025","Thu Oct 02 03:46:49 GMT 2025","850","","integration.tests.PreparedStatementArrayTest","","integration.tests.PreparedStatementArrayTest","integerAndStringValues","integerAndStringValues(PreparedStatementValueSetter) set OBJECT",""
"passed","Thu Oct 02 03:49:01 GMT 2025","Thu Oct 02 03:49:01 GMT 2025","83","","integration.tests.SystemEngineDatabaseMetaDataTest","","integration.tests.SystemEngineDatabaseMetaDataTest","getTables","getTables(String, String, String, String, String, String) [26] {database}, null, %in%, VIEW, engines, tables",""
"passed","Thu Oct 02 03:48:58 GMT 2025","Thu Oct 02 03:48:58 GMT 2025","82","","integration.tests.SystemEngineDatabaseMetaDataTest","","integration.tests.SystemEngineDatabaseMetaDataTest","getSchemasInformationSchema","getSchemasInformationSchema(String, String, String) [5] null, %form%, information_schema",""
"passed","Thu Oct 02 04:01:28 GMT 2025","Thu Oct 02 04:01:29 GMT 2025","268","","integration.tests.client.TLSTest","","integration.tests.client.TLSTest","shouldUseTLS","shouldUseTLS()",""
"passed","Thu Oct 02 03:47:35 GMT 2025","Thu Oct 02 03:47:35 GMT 2025","79","","integration.tests.SpecialValuesTest","","integration.tests.SpecialValuesTest","infFloatAsDoubleUserEngine","infFloatAsDoubleUserEngine(String) [2] select '+inf'::float",""
"passed","Thu Oct 02 03:46:10 GMT 2025","Thu Oct 02 03:46:10 GMT 2025","204","","integration.tests.ConnectionTest","","integration.tests.ConnectionTest","connectToNotExistingDbV2","connectToNotExistingDbV2(EngineType) CUSTOM_ENGINE",""
"passed","Thu Oct 02 04:01:11 GMT 2025","Thu Oct 02 04:01:12 GMT 2025","244","","integration.tests.TimestampTest","","integration.tests.TimestampTest","shouldReturnTimestampFromTimestampTzWithTzWithHoursAndMinutesAndSecondsWhenUsingTime_ZoneSetting","shouldReturnTimestampFromTimestampTzWithTzWithHoursAndMinutesAndSecondsWhenUsingTime_ZoneSetting()",""
"passed","Thu Oct 02 03:48:58 GMT 2025","Thu Oct 02 03:48:58 GMT 2025","82","","integration.tests.SystemEngineDatabaseMetaDataTest","","integration.tests.SystemEngineDatabaseMetaDataTest","getSchemasInformationSchema","getSchemasInformationSchema(String, String, String) [8] {database}, information%, information_schema",""
"passed","Thu Oct 02 03:48:12 GMT 2025","Thu Oct 02 03:48:12 GMT 2025","500","","integration.tests.StatementTest","","integration.tests.StatementTest","successfulSettingOfPropertyThatRequiresAdvancedModeConfiguredWhenConnectionIsCreated","successfulSettingOfPropertyThatRequiresAdvancedModeConfiguredWhenConnectionIsCreated()",""
"passed","Thu Oct 02 03:47:05 GMT 2025","Thu Oct 02 03:47:05 GMT 2025","759","","integration.tests.PreparedStatementFbNumericTest","","integration.tests.PreparedStatementFbNumericTest","shouldInsertRecordsUsingDifferentNumericTypes","shouldInsertRecordsUsingDifferentNumericTypes(String, CheckedVoidTriFunction, CheckedBiFunction) int",""
"passed","Thu Oct 02 04:01:10 GMT 2025","Thu Oct 02 04:01:10 GMT 2025","81","","integration.tests.TimestampTest","","integration.tests.TimestampTest","shouldGetParsedTimeStampExtTimeObjects","shouldGetParsedTimeStampExtTimeObjects()",""
"passed","Thu Oct 02 03:47:05 GMT 2025","Thu Oct 02 03:47:06 GMT 2025","748","","integration.tests.PreparedStatementFbNumericTest","","integration.tests.PreparedStatementFbNumericTest","shouldInsertRecordsUsingDifferentNumericTypes","shouldInsertRecordsUsingDifferentNumericTypes(String, CheckedVoidTriFunction, CheckedBiFunction) long",""
"passed","Thu Oct 02 03:48:53 GMT 2025","Thu Oct 02 03:48:53 GMT 2025","523","","integration.tests.StatementTest","","integration.tests.StatementTest","shouldReuseStatementWhenNotCloseOnCompletion","shouldReuseStatementWhenNotCloseOnCompletion()",""
"passed","Thu Oct 02 04:01:23 GMT 2025","Thu Oct 02 04:01:24 GMT 2025","1310","","integration.tests.TransactionTest","","integration.tests.TransactionTest","shouldRollbackTableCreationAndDataInsertion","shouldRollbackTableCreationAndDataInsertion()",""
"passed","Thu Oct 02 03:49:01 GMT 2025","Thu Oct 02 03:49:01 GMT 2025","85","","integration.tests.SystemEngineDatabaseMetaDataTest","","integration.tests.SystemEngineDatabaseMetaDataTest","getTables","getTables(String, String, String, String, String, String) [32] null, null, %in%, VIEW;TABLE, engines, tables",""
"passed","Thu Oct 02 03:49:05 GMT 2025","Thu Oct 02 03:49:06 GMT 2025","790","","integration.tests.SystemEngineDatabaseMetaDataTest","","integration.tests.SystemEngineDatabaseMetaDataTest","getCatalogs","getCatalogs()",""
"passed","Thu Oct 02 03:46:35 GMT 2025","Thu Oct 02 03:46:36 GMT 2025","92","","integration.tests.DatabaseMetaDataTest","","integration.tests.DatabaseMetaDataTest","getTables","getTables(String, String, String, String, String, String) [1] null, null, null, null, tables;views;integration_test, null",""
"passed","Thu Oct 02 03:46:49 GMT 2025","Thu Oct 02 03:46:50 GMT 2025","467","","integration.tests.PreparedStatementArrayTest","","integration.tests.PreparedStatementArrayTest","byteaArray","byteaArray()",""
"passed","Thu Oct 02 03:49:03 GMT 2025","Thu Oct 02 03:49:04 GMT 2025","96","","integration.tests.SystemEngineDatabaseMetaDataTest","","integration.tests.SystemEngineDatabaseMetaDataTest","getColumns","getColumns(String, String, String, String, String, String) [16] {database}, null, %in%, null, information_schema.engines.engine_name, information_schema.tables.table_name",""
"passed","Thu Oct 02 03:49:02 GMT 2025","Thu Oct 02 03:49:02 GMT 2025","139","","integration.tests.SystemEngineDatabaseMetaDataTest","","integration.tests.SystemEngineDatabaseMetaDataTest","getColumns","getColumns(String, String, String, String, String, String) [2] null, information_schema, null, null, information_schema.columns.column_name, null",""
"passed","Thu Oct 02 03:46:42 GMT 2025","Thu Oct 02 03:46:43 GMT 2025","908","","integration.tests.PreparedStatementArrayTest","","integration.tests.PreparedStatementArrayTest","intAndStringValues","intAndStringValues(PreparedStatementValueSetter) set ARRAY",""
"passed","Thu Oct 02 03:52:11 GMT 2025","Thu Oct 02 03:52:11 GMT 2025","125","","integration.tests.SystemEngineTest","","integration.tests.SystemEngineTest","shouldThrowExceptionWhenExecutingWrongQuery","shouldThrowExceptionWhenExecutingWrongQuery()",""
"passed","Thu Oct 02 03:48:58 GMT 2025","Thu Oct 02 03:48:58 GMT 2025","83","","integration.tests.SystemEngineDatabaseMetaDataTest","","integration.tests.SystemEngineDatabaseMetaDataTest","getSchemasInformationSchema","getSchemasInformationSchema(String, String, String) [4] null, %schema, information_schema",""
"passed","Thu Oct 02 03:46:43 GMT 2025","Thu Oct 02 03:46:44 GMT 2025","808","","integration.tests.PreparedStatementArrayTest","","integration.tests.PreparedStatementArrayTest","intAndStringValues","intAndStringValues(PreparedStatementValueSetter) set OBJECT",""
"passed","Thu Oct 02 03:49:00 GMT 2025","Thu Oct 02 03:49:00 GMT 2025","83","","integration.tests.SystemEngineDatabaseMetaDataTest","","integration.tests.SystemEngineDatabaseMetaDataTest","getTables","getTables(String, String, String, String, String, String) [21] null, null, %in%, VIEW, engines, tables",""
"passed","Thu Oct 02 04:01:12 GMT 2025","Thu Oct 02 04:01:14 GMT 2025","1683","","integration.tests.TimestampTest","","integration.tests.TimestampTest","shouldCompareAllTimeStampsWithMultipleThreads","shouldCompareAllTimeStampsWithMultipleThreads()",""
"passed","Thu Oct 02 03:49:04 GMT 2025","Thu Oct 02 03:49:04 GMT 2025","95","","integration.tests.SystemEngineDatabaseMetaDataTest","","integration.tests.SystemEngineDatabaseMetaDataTest","getColumns","getColumns(String, String, String, String, String, String) [19] {database}, %schema, %in%, null, information_schema.engines.engine_name, information_schema.tables.table_name",""
"passed","Thu Oct 02 03:49:01 GMT 2025","Thu Oct 02 03:49:02 GMT 2025","89","","integration.tests.SystemEngineDatabaseMetaDataTest","","integration.tests.SystemEngineDatabaseMetaDataTest","getTables","getTables(String, String, String, String, String, String) [34] wrong_catalog, %form%, %in%, VIEW, null, engines",""
"passed","Thu Oct 02 03:48:59 GMT 2025","Thu Oct 02 03:48:59 GMT 2025","84","","integration.tests.SystemEngineDatabaseMetaDataTest","","integration.tests.SystemEngineDatabaseMetaDataTest","getTables","getTables(String, String, String, String, String, String) [8] {database}, information%, null, null, tables, null",""
"passed","Thu Oct 02 03:48:58 GMT 2025","Thu Oct 02 03:48:58 GMT 2025","85","","integration.tests.SystemEngineDatabaseMetaDataTest","","integration.tests.SystemEngineDatabaseMetaDataTest","getSchemasInformationSchema","getSchemasInformationSchema(String, String, String) [10] {database}, %form%, information_schema",""
"passed","Thu Oct 02 04:01:15 GMT 2025","Thu Oct 02 04:01:17 GMT 2025","1672","","integration.tests.TransactionTest","","integration.tests.TransactionTest","shouldHandleSequentialTransactions","shouldHandleSequentialTransactions()",""
"passed","Thu Oct 02 03:48:25 GMT 2025","Thu Oct 02 03:48:26 GMT 2025","475","","integration.tests.StatementTest","","integration.tests.StatementTest","shouldGetBooleans","shouldGetBooleans()",""
"passed","Thu Oct 02 03:46:37 GMT 2025","Thu Oct 02 03:46:37 GMT 2025","84","","integration.tests.DatabaseMetaDataTest","","integration.tests.DatabaseMetaDataTest","getTables","getTables(String, String, String, String, String, String) [13] null, information_schema, null, TABLE, null, integration_test",""
"passed","Thu Oct 02 03:49:04 GMT 2025","Thu Oct 02 03:49:04 GMT 2025","111","","integration.tests.SystemEngineDatabaseMetaDataTest","","integration.tests.SystemEngineDatabaseMetaDataTest","getColumns","getColumns(String, String, String, String, String, String) [20] {database}, %form%, %in%, null, information_schema.engines.engine_name, information_schema.tables.table_name",""
"passed","Thu Oct 02 03:43:51 GMT 2025","Thu Oct 02 03:43:52 GMT 2025","1001","","integration.tests.AsyncQueryTest","","integration.tests.AsyncQueryTest","executeCancelServerSideAsyncQueryWorksOnDifferentEngines","executeCancelServerSideAsyncQueryWorksOnDifferentEngines()",""
"passed","Thu Oct 02 03:46:53 GMT 2025","Thu Oct 02 03:46:54 GMT 2025","990","","integration.tests.PreparedStatementArrayTest","","integration.tests.PreparedStatementArrayTest","nullableBiDimensionalArray","nullableBiDimensionalArray()",""
"passed","Thu Oct 02 03:48:20 GMT 2025","Thu Oct 02 03:48:21 GMT 2025","504","","integration.tests.StatementTest","","integration.tests.StatementTest","cannotChangeToDatabaseThatDoesNotExist","cannotChangeToDatabaseThatDoesNotExist()",""
"passed","Thu Oct 02 03:47:28 GMT 2025","Thu Oct 02 03:47:29 GMT 2025","741","","integration.tests.PreparedStatementTest","","integration.tests.PreparedStatementTest","shouldInsertRecordsUsingDifferentNumericTypes","shouldInsertRecordsUsingDifferentNumericTypes(String, CheckedVoidTriFunction, CheckedBiFunction) getObject(i, java.util.Map.of(""long"", Integer.class)",""
"passed","Thu Oct 02 03:47:37 GMT 2025","Thu Oct 02 03:47:37 GMT 2025","79","","integration.tests.SpecialValuesTest","","integration.tests.SpecialValuesTest","infDoubleSystemEngine","infDoubleSystemEngine(String) [1] select 'inf'::double",""
"passed","Thu Oct 02 03:48:22 GMT 2025","Thu Oct 02 03:48:23 GMT 2025","552","","integration.tests.StatementTest","","integration.tests.StatementTest","shouldSelect1WithQueryTimeout","shouldSelect1WithQueryTimeout()",""
"passed","Thu Oct 02 03:47:37 GMT 2025","Thu Oct 02 03:47:37 GMT 2025","80","","integration.tests.SpecialValuesTest","","integration.tests.SpecialValuesTest","infDoubleSystemEngine","infDoubleSystemEngine(String) [2] select '+inf'::double",""
"passed","Thu Oct 02 03:47:36 GMT 2025","Thu Oct 02 03:47:37 GMT 2025","77","","integration.tests.SpecialValuesTest","","integration.tests.SpecialValuesTest","minusInfFloatAsDoubleUserEngine","minusInfFloatAsDoubleUserEngine(String) [1] select '-inf'::float",""
"passed","Thu Oct 02 03:47:00 GMT 2025","Thu Oct 02 03:47:00 GMT 2025","492","","integration.tests.PreparedStatementFbNumericTest","","integration.tests.PreparedStatementFbNumericTest","shouldFailWhenParameterNotProvided","shouldFailWhenParameterNotProvided()",""
"skipped","Thu Oct 02 03:47:33 GMT 2025","Thu Oct 02 03:47:33 GMT 2025","0","","integration.tests.PreparedStatementTest","","integration.tests.PreparedStatementTest","shouldFetchBooleanFromVariousObjects","shouldFetchBooleanFromVariousObjects(Object, Object)",""
"passed","Thu Oct 02 03:47:03 GMT 2025","Thu Oct 02 03:47:04 GMT 2025","740","","integration.tests.PreparedStatementFbNumericTest","","integration.tests.PreparedStatementFbNumericTest","shouldInsertRecordsUsingDifferentNumericTypes","shouldInsertRecordsUsingDifferentNumericTypes(String, CheckedVoidTriFunction, CheckedBiFunction) byte",""
"passed","Thu Oct 02 03:49:01 GMT 2025","Thu Oct 02 03:49:01 GMT 2025","92","","integration.tests.SystemEngineDatabaseMetaDataTest","","integration.tests.SystemEngineDatabaseMetaDataTest","getTables","getTables(String, String, String, String, String, String) [30] {database}, %form%, %in%, VIEW, engines, tables",""
"passed","Thu Oct 02 03:48:17 GMT 2025","Thu Oct 02 03:48:18 GMT 2025","535","","integration.tests.StatementTest","","integration.tests.StatementTest","shouldReturnTrueWhenExecutingAStatementThatReturnsAResultSet","shouldReturnTrueWhenExecutingAStatementThatReturnsAResultSet()",""
"passed","Thu Oct 02 03:47:25 GMT 2025","Thu Oct 02 03:47:26 GMT 2025","716","","integration.tests.PreparedStatementTest","","integration.tests.PreparedStatementTest","shouldInsertRecordsUsingDifferentNumericTypes","shouldInsertRecordsUsingDifferentNumericTypes(String, CheckedVoidTriFunction, CheckedBiFunction) short",""
"passed","Thu Oct 02 03:52:11 GMT 2025","Thu Oct 02 03:53:51 GMT 2025","99754","","integration.tests.SystemEngineTest","","integration.tests.SystemEngineTest","useEngineMixedCaseToLowerCase","useEngineMixedCaseToLowerCase()",""
"passed","Thu Oct 02 03:48:19 GMT 2025","Thu Oct 02 03:48:20 GMT 2025","496","","integration.tests.StatementTest","","integration.tests.StatementTest","maxFieldSize","maxFieldSize(int) [3] 5",""
"passed","Thu Oct 02 03:49:04 GMT 2025","Thu Oct 02 03:49:04 GMT 2025","82","","integration.tests.SystemEngineDatabaseMetaDataTest","","integration.tests.SystemEngineDatabaseMetaDataTest","getColumns","getColumns(String, String, String, String, String, String) [23] null, information%, %in%, description, information_schema.engines.description, information_schema.engines.engine_name",""
"passed","Thu Oct 02 03:47:22 GMT 2025","Thu Oct 02 03:47:24 GMT 2025","2351","","integration.tests.PreparedStatementTest","","integration.tests.PreparedStatementTest","shouldInsertAndSelectComplexStruct","shouldInsertAndSelectComplexStruct()",""
"passed","Thu Oct 02 03:47:17 GMT 2025","Thu Oct 02 03:47:18 GMT 2025","501","","integration.tests.PreparedStatementTest","","integration.tests.PreparedStatementTest","shouldFetchSpecialCharacters","shouldFetchSpecialCharacters()",""
"passed","Thu Oct 02 03:47:37 GMT 2025","Thu Oct 02 03:47:37 GMT 2025","79","","integration.tests.SpecialValuesTest","","integration.tests.SpecialValuesTest","nanFloatAsDoubleSystemEngine","nanFloatAsDoubleSystemEngine(String) [1] select 'nan'::float",""
"passed","Thu Oct 02 03:47:34 GMT 2025","Thu Oct 02 03:47:34 GMT 2025","137","","integration.tests.SpecialValuesTest","","integration.tests.SpecialValuesTest","infFloatAsDoubleSystemEngine","infFloatAsDoubleSystemEngine(String) [1] select 'inf'::float",""
"passed","Thu Oct 02 03:46:36 GMT 2025","Thu Oct 02 03:46:36 GMT 2025","85","","integration.tests.DatabaseMetaDataTest","","integration.tests.DatabaseMetaDataTest","getTables","getTables(String, String, String, String, String, String) [7] null, null, %test, null, integration_test, tables;columns;views",""
"passed","Thu Oct 02 03:48:11 GMT 2025","Thu Oct 02 03:48:12 GMT 2025","488","","integration.tests.StatementTest","","integration.tests.StatementTest","shouldThrowExceptionWhenTryingToReuseStatementClosedOnCompletion","shouldThrowExceptionWhenTryingToReuseStatementClosedOnCompletion()",""
"passed","Thu Oct 02 03:47:10 GMT 2025","Thu Oct 02 03:47:11 GMT 2025","962","","integration.tests.PreparedStatementTest","","integration.tests.PreparedStatementTest","shouldInsertAndSelectStruct","shouldInsertAndSelectStruct()",""
"passed","Thu Oct 02 03:48:58 GMT 2025","Thu Oct 02 03:48:58 GMT 2025","82","","integration.tests.SystemEngineDatabaseMetaDataTest","","integration.tests.SystemEngineDatabaseMetaDataTest","getSchemasInformationSchema","getSchemasInformationSchema(String, String, String) [6] {database}, null, information_schema",""
"passed","Thu Oct 02 03:43:37 GMT 2025","Thu Oct 02 03:43:43 GMT 2025","5865","","integration.tests.AsyncQueryTest","","integration.tests.AsyncQueryTest","executeServerSideAsyncTest","executeServerSideAsyncTest()",""
"passed","Thu Oct 02 03:46:36 GMT 2025","Thu Oct 02 03:46:36 GMT 2025","86","","integration.tests.DatabaseMetaDataTest","","integration.tests.DatabaseMetaDataTest","getTables","getTables(String, String, String, String, String, String) [8] null, public, null, null, integration_test, tables;columns;views",""
"passed","Thu Oct 02 04:01:10 GMT 2025","Thu Oct 02 04:01:10 GMT 2025","81","","integration.tests.TimestampTest","","integration.tests.TimestampTest","shouldGetTimeObjectsInDefaultUTCTimezone","shouldGetTimeObjectsInDefaultUTCTimezone()",""
"passed","Thu Oct 02 03:47:11 GMT 2025","Thu Oct 02 03:47:12 GMT 2025","758","","integration.tests.PreparedStatementTest","","integration.tests.PreparedStatementTest","shouldFailSQLInjectionAttempt","shouldFailSQLInjectionAttempt()",""
"passed","Thu Oct 02 03:47:19 GMT 2025","Thu Oct 02 03:47:20 GMT 2025","842","","integration.tests.PreparedStatementTest","","integration.tests.PreparedStatementTest","shouldFetchTimestampAndDate","shouldFetchTimestampAndDate(Object, Object, boolean) [3] 2019-07-31T11:15:13, 2019-07-31, false",""
"passed","Thu Oct 02 03:48:59 GMT 2025","Thu Oct 02 03:48:59 GMT 2025","84","","integration.tests.SystemEngineDatabaseMetaDataTest","","integration.tests.SystemEngineDatabaseMetaDataTest","getTables","getTables(String, String, String, String, String, String) [9] {database}, %schema, null, null, tables, null",""
"passed","Thu Oct 02 04:01:24 GMT 2025","Thu Oct 02 04:01:25 GMT 2025","788","","integration.tests.TransactionTest","","integration.tests.TransactionTest","shouldCommitTransactionWhenSwitchingToAutoCommit","shouldCommitTransactionWhenSwitchingToAutoCommit()",""
"passed","Thu Oct 02 03:46:14 GMT 2025","Thu Oct 02 03:46:14 GMT 2025","80","","integration.tests.ConnectionTest","","integration.tests.ConnectionTest","successfulConnect","successfulConnect(boolean, boolean) V2 using db:true engine:false",""
"passed","Thu Oct 02 03:49:02 GMT 2025","Thu Oct 02 03:49:02 GMT 2025","125","","integration.tests.SystemEngineDatabaseMetaDataTest","","integration.tests.SystemEngineDatabaseMetaDataTest","getColumns","getColumns(String, String, String, String, String, String) [6] {database}, null, null, null, information_schema.columns.column_name, null",""
"passed","Thu Oct 02 03:46:36 GMT 2025","Thu Oct 02 03:46:36 GMT 2025","94","","integration.tests.DatabaseMetaDataTest","","integration.tests.DatabaseMetaDataTest","getTables","getTables(String, String, String, String, String, String) [5] null, null, null, VIEW, views;tables, integration_test",""
"passed","Thu Oct 02 03:46:55 GMT 2025","Thu Oct 02 03:46:56 GMT 2025","740","","integration.tests.PreparedStatementFbNumericTest","","integration.tests.PreparedStatementFbNumericTest","shouldFailSQLInjectionAttempt","shouldFailSQLInjectionAttempt()",""
"passed","Thu Oct 02 03:48:58 GMT 2025","Thu Oct 02 03:48:58 GMT 2025","82","","integration.tests.SystemEngineDatabaseMetaDataTest","","integration.tests.SystemEngineDatabaseMetaDataTest","getSchemasInformationSchema","getSchemasInformationSchema(String, String, String) [3] null, information%, information_schema",""
"passed","Thu Oct 02 03:48:58 GMT 2025","Thu Oct 02 03:48:58 GMT 2025","100","","integration.tests.SystemEngineDatabaseMetaDataTest","","integration.tests.SystemEngineDatabaseMetaDataTest","getSchemasInformationSchema","getSchemasInformationSchema(String, String, String) [11] wrong_catalog, null, null",""
"passed","Thu Oct 02 04:01:11 GMT 2025","Thu Oct 02 04:01:11 GMT 2025","225","","integration.tests.TimestampTest","","integration.tests.TimestampTest","shouldReturnTimestampFromDateWhenUsingTime_zoneSetting","shouldReturnTimestampFromDateWhenUsingTime_zoneSetting()",""
"passed","Thu Oct 02 03:47:34 GMT 2025","Thu Oct 02 03:47:35 GMT 2025","80","","integration.tests.SpecialValuesTest","","integration.tests.SpecialValuesTest","infFloatAsDoubleSystemEngine","infFloatAsDoubleSystemEngine(String) [2] select '+inf'::float",""
"passed","Thu Oct 02 03:46:41 GMT 2025","Thu Oct 02 03:46:42 GMT 2025","736","","integration.tests.NullableValuesTest","","integration.tests.NullableValuesTest","preparedStatementUsingExplicitTypedNulls","preparedStatementUsingExplicitTypedNulls()",""
"passed","Thu Oct 02 03:48:23 GMT 2025","Thu Oct 02 03:48:23 GMT 2025","396","","integration.tests.StatementTest","","integration.tests.StatementTest","empty","empty(String) query:;",""
"passed","Thu Oct 02 03:46:35 GMT 2025","Thu Oct 02 03:46:35 GMT 2025","117","","integration.tests.DatabaseMetaDataTest","","integration.tests.DatabaseMetaDataTest","shouldReturnColumnsFromSelect","shouldReturnColumnsFromSelect()",""
"passed","Thu Oct 02 03:48:16 GMT 2025","Thu Oct 02 03:48:16 GMT 2025","469","","integration.tests.StatementTest","","integration.tests.StatementTest","shouldThrowExceptionWhenExecutingWrongQuery","shouldThrowExceptionWhenExecutingWrongQuery()",""
"passed","Thu Oct 02 03:49:03 GMT 2025","Thu Oct 02 03:49:03 GMT 2025","141","","integration.tests.SystemEngineDatabaseMetaDataTest","","integration.tests.SystemEngineDatabaseMetaDataTest","getColumns","getColumns(String, String, String, String, String, String) [10] {database}, %form%, null, null, information_schema.columns.column_name, null",""
"passed","Thu Oct 02 03:48:54 GMT 2025","Thu Oct 02 03:48:55 GMT 2025","846","","integration.tests.StatementTest","","integration.tests.StatementTest","mixedCaseTable","mixedCaseTable(String, String, String, String) [1] CREATE FACT TABLE Case_Test (x long), case_test, Case_Test, case_test",""
"passed","Thu Oct 02 03:46:10 GMT 2025","Thu Oct 02 03:46:11 GMT 2025","187","","integration.tests.ConnectionTest","","integration.tests.ConnectionTest","connectToNotExistingDbV2","connectToNotExistingDbV2(EngineType) SYSTEM_ENGINE",""
"passed","Thu Oct 02 03:47:14 GMT 2025","Thu Oct 02 03:47:15 GMT 2025","741","","integration.tests.PreparedStatementTest","","integration.tests.PreparedStatementTest","shouldInsertAndSelectDateTime","shouldInsertAndSelectDateTime()",""
"passed","Thu Oct 02 03:49:05 GMT 2025","Thu Oct 02 03:49:05 GMT 2025","93","","integration.tests.SystemEngineDatabaseMetaDataTest","","integration.tests.SystemEngineDatabaseMetaDataTest","getColumns","getColumns(String, String, String, String, String, String) [30] {database}, %form%, %in%, type, information_schema.engines.type, information_schema.engines.status",""
"passed","Thu Oct 02 03:48:25 GMT 2025","Thu Oct 02 03:48:25 GMT 2025","486","","integration.tests.StatementTest","","integration.tests.StatementTest","empty","empty(String) query:/* {""app"": ""dbt"", ""dbt_version"": ""0.20.0"", ""profile_name"": ""jaffle_shop"", ""target_name"": ""fb_app"", ""connection_name"": ""macro_stage_external_sources""} */;",""
"passed","Thu Oct 02 03:46:54 GMT 2025","Thu Oct 02 03:46:55 GMT 2025","1351","","integration.tests.PreparedStatementFbNumericTest","","integration.tests.PreparedStatementFbNumericTest","shouldInsertAndSelectStruct","shouldInsertAndSelectStruct()",""
"passed","Thu Oct 02 03:49:05 GMT 2025","Thu Oct 02 03:49:05 GMT 2025","87","","integration.tests.SystemEngineDatabaseMetaDataTest","","integration.tests.SystemEngineDatabaseMetaDataTest","getColumns","getColumns(String, String, String, String, String, String) [28] {database}, information%, %in%, engine_name, information_schema.engines.engine_name, information_schema.engines.description",""
"passed","Thu Oct 02 04:01:22 GMT 2025","Thu Oct 02 04:01:23 GMT 2025","1017","","integration.tests.TransactionTest","","integration.tests.TransactionTest","shouldNotCommitOnSetStatement","shouldNotCommitOnSetStatement()",""
"passed","Thu Oct 02 03:47:26 GMT 2025","Thu Oct 02 03:47:27 GMT 2025","761","","integration.tests.PreparedStatementTest","","integration.tests.PreparedStatementTest","shouldInsertRecordsUsingDifferentNumericTypes","shouldInsertRecordsUsingDifferentNumericTypes(String, CheckedVoidTriFunction, CheckedBiFunction) long",""
"passed","Thu Oct 02 03:47:01 GMT 2025","Thu Oct 02 03:47:03 GMT 2025","2408","","integration.tests.PreparedStatementFbNumericTest","","integration.tests.PreparedStatementFbNumericTest","shouldInsertAndSelectComplexStruct","shouldInsertAndSelectComplexStruct()",""
"passed","Thu Oct 02 03:48:13 GMT 2025","Thu Oct 02 03:48:14 GMT 2025","605","","integration.tests.StatementTest","","integration.tests.StatementTest","shouldThrowExceptionWhenExecutingWrongQueryWithJsonError","shouldThrowExceptionWhenExecutingWrongQueryWithJsonError()",""
"passed","Thu Oct 02 03:48:13 GMT 2025","Thu Oct 02 03:48:13 GMT 2025","492","","integration.tests.StatementTest","","integration.tests.StatementTest","shouldReturnTrueWhenExecutingMultiStatementWithFirstStatementReturningAResultSet","shouldReturnTrueWhenExecutingMultiStatementWithFirstStatementReturningAResultSet()",""
"passed","Thu Oct 02 04:01:17 GMT 2025","Thu Oct 02 04:01:17 GMT 2025","122","","integration.tests.TransactionTest","","integration.tests.TransactionTest","shouldThrowExceptionWhenRollbackWithNoTransaction","shouldThrowExceptionWhenRollbackWithNoTransaction()",""
"passed","Thu Oct 02 03:55:02 GMT 2025","Thu Oct 02 03:55:02 GMT 2025","76","","integration.tests.SystemEngineTest","","integration.tests.SystemEngineTest","shouldSelect1","shouldSelect1()",""
"passed","Thu Oct 02 03:49:03 GMT 2025","Thu Oct 02 03:49:03 GMT 2025","95","","integration.tests.SystemEngineDatabaseMetaDataTest","","integration.tests.SystemEngineDatabaseMetaDataTest","getColumns","getColumns(String, String, String, String, String, String) [12] null, information_schema, %in%, null, information_schema.engines.engine_name, information_schema.tables.table_name",""
"passed","Thu Oct 02 03:47:33 GMT 2025","Thu Oct 02 03:47:34 GMT 2025","935","","integration.tests.PreparedStatementTest","","integration.tests.PreparedStatementTest","shouldInsertAndSelectByteArray","shouldInsertAndSelectByteArray()",""
"passed","Thu Oct 02 03:49:01 GMT 2025","Thu Oct 02 03:49:01 GMT 2025","89","","integration.tests.SystemEngineDatabaseMetaDataTest","","integration.tests.SystemEngineDatabaseMetaDataTest","getTables","getTables(String, String, String, String, String, String) [31] null, null, null, VIEW;TABLE, engines, null",""
"passed","Thu Oct 02 03:48:58 GMT 2025","Thu Oct 02 03:48:58 GMT 2025","129","","integration.tests.SystemEngineDatabaseMetaDataTest","","integration.tests.SystemEngineDatabaseMetaDataTest","getSchemasInformationSchema","getSchemasInformationSchema(String, String, String) [9] {database}, %schema, information_schema",""
"passed","Thu Oct 02 04:01:10 GMT 2025","Thu Oct 02 04:01:11 GMT 2025","167","","integration.tests.TimestampTest","","integration.tests.TimestampTest","shouldReturnTimestampFromDate","shouldReturnTimestampFromDate()",""
"passed","Thu Oct 02 03:46:42 GMT 2025","Thu Oct 02 03:46:42 GMT 2025","681","","integration.tests.NullableValuesTest","","integration.tests.NullableValuesTest","preparedStatementUsingDefaultNulls","preparedStatementUsingDefaultNulls()",""
"passed","Thu Oct 02 03:48:26 GMT 2025","Thu Oct 02 03:48:26 GMT 2025","567","","integration.tests.StatementTest","","integration.tests.StatementTest","shouldGetMultipleResultSets","shouldGetMultipleResultSets()",""
"passed","Thu Oct 02 03:47:29 GMT 2025","Thu Oct 02 03:47:31 GMT 2025","1190","","integration.tests.PreparedStatementTest","","integration.tests.PreparedStatementTest","shouldInsertAndSelectGeography","shouldInsertAndSelectGeography()",""
"passed","Thu Oct 02 03:47:10 GMT 2025","Thu Oct 02 03:47:10 GMT 2025","503","","integration.tests.PreparedStatementFbNumericTest","","integration.tests.PreparedStatementFbNumericTest","shouldNotFailWhenParametersNotPresentAreSet","shouldNotFailWhenParametersNotPresentAreSet()",""
"passed","Thu Oct 02 03:49:01 GMT 2025","Thu Oct 02 03:49:01 GMT 2025","83","","integration.tests.SystemEngineDatabaseMetaDataTest","","integration.tests.SystemEngineDatabaseMetaDataTest","getTables","getTables(String, String, String, String, String, String) [28] {database}, information%, %in%, VIEW, engines, tables",""
"passed","Thu Oct 02 03:48:59 GMT 2025","Thu Oct 02 03:49:00 GMT 2025","170","","integration.tests.SystemEngineDatabaseMetaDataTest","","integration.tests.SystemEngineDatabaseMetaDataTest","getTables","getTables(String, String, String, String, String, String) [12] null, information_schema, %in%, null, engines, tables",""
"passed","Thu Oct 02 03:48:59 GMT 2025","Thu Oct 02 03:48:59 GMT 2025","82","","integration.tests.SystemEngineDatabaseMetaDataTest","","integration.tests.SystemEngineDatabaseMetaDataTest","getTables","getTables(String, String, String, String, String, String) [11] null, null, %in%, null, engines, tables",""
"passed","Thu Oct 02 03:49:03 GMT 2025","Thu Oct 02 03:49:03 GMT 2025","98","","integration.tests.SystemEngineDatabaseMetaDataTest","","integration.tests.SystemEngineDatabaseMetaDataTest","getColumns","getColumns(String, String, String, String, String, String) [14] null, %schema, %in%, null, information_schema.engines.engine_name, information_schema.tables.table_name",""
"passed","Thu Oct 02 03:49:03 GMT 2025","Thu Oct 02 03:49:03 GMT 2025","112","","integration.tests.SystemEngineDatabaseMetaDataTest","","integration.tests.SystemEngineDatabaseMetaDataTest","getColumns","getColumns(String, String, String, String, String, String) [11] null, null, %in%, null, information_schema.engines.engine_name, information_schema.tables.table_name",""
"passed","Thu Oct 02 03:46:36 GMT 2025","Thu Oct 02 03:46:36 GMT 2025","88","","integration.tests.DatabaseMetaDataTest","","integration.tests.DatabaseMetaDataTest","getTables","getTables(String, String, String, String, String, String) [9] null, information_schema, null, null, tables;columns, integration_test",""
"passed","Thu Oct 02 03:53:51 GMT 2025","Thu Oct 02 03:53:52 GMT 2025","841","","integration.tests.SystemEngineTest","","integration.tests.SystemEngineTest","shouldFailToSelectFromCustomDbUsingSystemEngine","shouldFailToSelectFromCustomDbUsingSystemEngine()",""
"passed","Thu Oct 02 03:46:47 GMT 2025","Thu Oct 02 03:46:48 GMT 2025","754","","integration.tests.PreparedStatementArrayTest","","integration.tests.PreparedStatementArrayTest","integerAndStringValues","integerAndStringValues(PreparedStatementValueSetter) set ARRAY",""
"passed","Thu Oct 02 03:49:04 GMT 2025","Thu Oct 02 03:49:04 GMT 2025","95","","integration.tests.SystemEngineDatabaseMetaDataTest","","integration.tests.SystemEngineDatabaseMetaDataTest","getColumns","getColumns(String, String, String, String, String, String) [17] {database}, information_schema, %in%, null, information_schema.engines.engine_name, information_schema.tables.table_name",""
"passed","Thu Oct 02 03:46:58 GMT 2025","Thu Oct 02 03:46:59 GMT 2025","747","","integration.tests.PreparedStatementFbNumericTest","","integration.tests.PreparedStatementFbNumericTest","shouldInsertAndSelectDateTime","shouldInsertAndSelectDateTime()",""
"passed","Thu Oct 02 03:46:39 GMT 2025","Thu Oct 02 03:46:39 GMT 2025","1","","integration.tests.MissingDataTest","","integration.tests.MissingDataTest","missingAccount","missingAccount()",""
"passed","Thu Oct 02 03:45:43 GMT 2025","Thu Oct 02 03:45:44 GMT 2025","594","","integration.tests.CachedConnectionTest","","integration.tests.CachedConnectionTest","canDetectFileCacheCreationTime","canDetectFileCacheCreationTime()",""
"passed","Thu Oct 02 03:47:36 GMT 2025","Thu Oct 02 03:47:36 GMT 2025","78","","integration.tests.SpecialValuesTest","","integration.tests.SpecialValuesTest","nanFloatAsDoubleUserEngine","nanFloatAsDoubleUserEngine(String) [2] select '+nan'::float",""
"passed","Thu Oct 02 03:46:56 GMT 2025","Thu Oct 02 03:46:56 GMT 2025","503","","integration.tests.PreparedStatementFbNumericTest","","integration.tests.PreparedStatementFbNumericTest","shouldSetParametersWithRepeatingValues","shouldSetParametersWithRepeatingValues()",""
"passed","Thu Oct 02 03:47:35 GMT 2025","Thu Oct 02 03:47:35 GMT 2025","79","","integration.tests.SpecialValuesTest","","integration.tests.SpecialValuesTest","nanRealUserEngine","nanRealUserEngine(String) [3] select '-nan'::real",""
"passed","Thu Oct 02 03:47:18 GMT 2025","Thu Oct 02 03:47:19 GMT 2025","822","","integration.tests.PreparedStatementTest","","integration.tests.PreparedStatementTest","shouldFetchTimestampAndDate","shouldFetchTimestampAndDate(Object, Object, boolean) [2] 2019-07-31 11:15:13.0, 2019-07-31, true",""
"passed","Thu Oct 02 03:48:18 GMT 2025","Thu Oct 02 03:48:19 GMT 2025","514","","integration.tests.StatementTest","","integration.tests.StatementTest","maxFieldSize","maxFieldSize(int) [1] 1",""
"passed","Thu Oct 02 03:46:59 GMT 2025","Thu Oct 02 03:47:00 GMT 2025","515","","integration.tests.PreparedStatementFbNumericTest","","integration.tests.PreparedStatementFbNumericTest","shouldResetTheParameterIndex","shouldResetTheParameterIndex()",""
"passed","Thu Oct 02 03:49:01 GMT 2025","Thu Oct 02 03:49:01 GMT 2025","89","","integration.tests.SystemEngineDatabaseMetaDataTest","","integration.tests.SystemEngineDatabaseMetaDataTest","getTables","getTables(String, String, String, String, String, String) [33] null, null, null, TABLE, null, null",""
"passed","Thu Oct 02 04:01:28 GMT 2025","Thu Oct 02 04:01:28 GMT 2025","34","","integration.tests.client.RetryPolicyTest","","integration.tests.client.RetryPolicyTest","shouldThrowExceptionOn400WithoutRetry","shouldThrowExceptionOn400WithoutRetry()",""
"passed","Thu Oct 02 03:49:05 GMT 2025","Thu Oct 02 03:49:05 GMT 2025","85","","integration.tests.SystemEngineDatabaseMetaDataTest","","integration.tests.SystemEngineDatabaseMetaDataTest","getColumns","getColumns(String, String, String, String, String, String) [32] null, null, %in%, no-one, null, information_schema.columns.column_name",""
"passed","Thu Oct 02 03:46:36 GMT 2025","Thu Oct 02 03:46:36 GMT 2025","89","","integration.tests.DatabaseMetaDataTest","","integration.tests.DatabaseMetaDataTest","getTables","getTables(String, String, String, String, String, String) [2] null, null, null, TABLE;VIEW, tables;views;integration_test, null",""
"passed","Thu Oct 02 03:49:06 GMT 2025","Thu Oct 02 03:50:58 GMT 2025","111982","","integration.tests.SystemEngineTest","","integration.tests.SystemEngineTest","useEngineMixedCase","useEngineMixedCase()",""
"passed","Thu Oct 02 03:48:40 GMT 2025","Thu Oct 02 03:48:41 GMT 2025","467","","integration.tests.StatementTest","","integration.tests.StatementTest","mixedCaseSelect","mixedCaseSelect(String, String) [1] select 1 as lower, 2 as UPPER, 3 AS MiXeD, lower,upper,mixed",""
"passed","Thu Oct 02 03:47:35 GMT 2025","Thu Oct 02 03:47:35 GMT 2025","83","","integration.tests.SpecialValuesTest","","integration.tests.SpecialValuesTest","nanDoubleUserEngine","nanDoubleUserEngine(String) [3] select '-nan'::double",""
"passed","Thu Oct 02 03:46:57 GMT 2025","Thu Oct 02 03:46:58 GMT 2025","1071","","integration.tests.PreparedStatementFbNumericTest","","integration.tests.PreparedStatementFbNumericTest","shouldInsertAndRetrieveUrl","shouldInsertAndRetrieveUrl()",""
"passed","Thu Oct 02 03:45:44 GMT 2025","Thu Oct 02 03:46:05 GMT 2025","20827","","integration.tests.CachedConnectionTest","","integration.tests.CachedConnectionTest","createTwoConnections","createTwoConnections()",""
"passed","Thu Oct 02 03:49:02 GMT 2025","Thu Oct 02 03:49:03 GMT 2025","126","","integration.tests.SystemEngineDatabaseMetaDataTest","","integration.tests.SystemEngineDatabaseMetaDataTest","getColumns","getColumns(String, String, String, String, String, String) [8] {database}, information%, null, null, information_schema.columns.column_name, null",""
"passed","Thu Oct 02 04:01:10 GMT 2025","Thu Oct 02 04:01:10 GMT 2025","150","","integration.tests.TimestampTest","","integration.tests.TimestampTest","shouldRemoveOffsetDIffWhenTimestampOffsetHasChanged","shouldRemoveOffsetDIffWhenTimestampOffsetHasChanged()",""
"passed","Thu Oct 02 03:48:29 GMT 2025","Thu Oct 02 03:48:40 GMT 2025","10883","","integration.tests.StatementTest","","integration.tests.StatementTest","canSetQueryLabelMultipleTimes","canSetQueryLabelMultipleTimes()",""
"passed","Thu Oct 02 03:48:57 GMT 2025","Thu Oct 02 03:48:57 GMT 2025","104","","integration.tests.SystemEngineDatabaseMetaDataTest","","integration.tests.SystemEngineDatabaseMetaDataTest","getSchemas","getSchemas()",""
"passed","Thu Oct 02 03:46:37 GMT 2025","Thu Oct 02 03:46:37 GMT 2025","4","","integration.tests.DatabaseMetaDataTest","","integration.tests.DatabaseMetaDataTest","getMetadata","getMetadata()",""
"passed","Thu Oct 02 03:48:59 GMT 2025","Thu Oct 02 03:48:59 GMT 2025","86","","integration.tests.SystemEngineDatabaseMetaDataTest","","integration.tests.SystemEngineDatabaseMetaDataTest","getTables","getTables(String, String, String, String, String, String) [4] null, %schema, null, null, tables, null",""
"passed","Thu Oct 02 04:01:20 GMT 2025","Thu Oct 02 04:01:22 GMT 2025","1945","","integration.tests.TransactionTest","","integration.tests.TransactionTest","shouldParallelTransactions","shouldParallelTransactions()",""
"passed","Thu Oct 02 03:48:10 GMT 2025","Thu Oct 02 03:48:11 GMT 2025","592","","integration.tests.StatementTest","","integration.tests.StatementTest","unlimitedMaxFieldSize","unlimitedMaxFieldSize(int) [3] 100",""
"passed","Thu Oct 02 03:48:57 GMT 2025","Thu Oct 02 03:48:57 GMT 2025","674","","integration.tests.StatementTest","","integration.tests.StatementTest","shouldReturnFalseWhenExecutingMultiStatementWithFirstStatementNotReturningAResultSet","shouldReturnFalseWhenExecutingMultiStatementWithFirstStatementNotReturningAResultSet()",""
"passed","Thu Oct 02 03:49:00 GMT 2025","Thu Oct 02 03:49:00 GMT 2025","82","","integration.tests.SystemEngineDatabaseMetaDataTest","","integration.tests.SystemEngineDatabaseMetaDataTest","getTables","getTables(String, String, String, String, String, String) [15] null, %form%, %in%, null, engines, tables",""
"passed","Thu Oct 02 03:46:42 GMT 2025","Thu Oct 02 03:46:42 GMT 2025","80","","integration.tests.NumericTypesTest","","integration.tests.NumericTypesTest","shouldHandleLargeDecimals","shouldHandleLargeDecimals()",""
"passed","Thu Oct 02 03:46:36 GMT 2025","Thu Oct 02 03:46:36 GMT 2025","86","","integration.tests.DatabaseMetaDataTest","","integration.tests.DatabaseMetaDataTest","getTables","getTables(String, String, String, String, String, String) [10] null, public, null, TABLE, integration_test, tables;columns;views",""
"passed","Thu Oct 02 03:46:46 GMT 2025","Thu Oct 02 03:46:47 GMT 2025","740","","integration.tests.PreparedStatementArrayTest","","integration.tests.PreparedStatementArrayTest","integerAndStringWithNullValues","integerAndStringWithNullValues(PreparedStatementValueSetter) set ARRAY",""
"passed","Thu Oct 02 03:49:05 GMT 2025","Thu Oct 02 03:49:05 GMT 2025","82","","integration.tests.SystemEngineDatabaseMetaDataTest","","integration.tests.SystemEngineDatabaseMetaDataTest","getColumns","getColumns(String, String, String, String, String, String) [33] null, null, null, does-not-exist, null, information_schema.columns.column_name",""
"passed","Thu Oct 02 03:49:01 GMT 2025","Thu Oct 02 03:49:01 GMT 2025","86","","integration.tests.SystemEngineDatabaseMetaDataTest","","integration.tests.SystemEngineDatabaseMetaDataTest","getTables","getTables(String, String, String, String, String, String) [29] {database}, %schema, %in%, VIEW, engines, tables",""
"passed","Thu Oct 02 03:49:00 GMT 2025","Thu Oct 02 03:49:00 GMT 2025","103","","integration.tests.SystemEngineDatabaseMetaDataTest","","integration.tests.SystemEngineDatabaseMetaDataTest","getTables","getTables(String, String, String, String, String, String) [14] null, %schema, %in%, null, engines, tables",""
"passed","Thu Oct 02 03:43:34 GMT 2025","Thu Oct 02 03:43:37 GMT 2025","2163","","integration.tests.AsyncQueryTest","","integration.tests.AsyncQueryTest","executeCancelServerSideAsyncQueryTest","executeCancelServerSideAsyncQueryTest()",""
"passed","Thu Oct 02 03:48:53 GMT 2025","Thu Oct 02 03:48:54 GMT 2025","458","","integration.tests.StatementTest","","integration.tests.StatementTest","nullSortOrder","nullSortOrder()",""
"passed","Thu Oct 02 03:49:02 GMT 2025","Thu Oct 02 03:49:02 GMT 2025","145","","integration.tests.SystemEngineDatabaseMetaDataTest","","integration.tests.SystemEngineDatabaseMetaDataTest","getColumns","getColumns(String, String, String, String, String, String) [1] null, null, null, null, information_schema.columns.column_name, null",""
"passed","Thu Oct 02 03:49:02 GMT 2025","Thu Oct 02 03:49:02 GMT 2025","127","","integration.tests.SystemEngineDatabaseMetaDataTest","","integration.tests.SystemEngineDatabaseMetaDataTest","getColumns","getColumns(String, String, String, String, String, String) [3] null, information%, null, null, information_schema.columns.column_name, null",""
"passed","Thu Oct 02 03:48:59 GMT 2025","Thu Oct 02 03:48:59 GMT 2025","83","","integration.tests.SystemEngineDatabaseMetaDataTest","","integration.tests.SystemEngineDatabaseMetaDataTest","getTables","getTables(String, String, String, String, String, String) [3] null, information%, null, null, tables, null",""
"passed","Thu Oct 02 03:46:11 GMT 2025","Thu Oct 02 03:46:12 GMT 2025","1524","","integration.tests.ConnectionTest","","integration.tests.ConnectionTest","validatesOnSystemEngineIfParameterProvided","validatesOnSystemEngineIfParameterProvided()",""
"passed","Thu Oct 02 03:43:44 GMT 2025","Thu Oct 02 03:43:45 GMT 2025","349","","integration.tests.AsyncQueryTest","","integration.tests.AsyncQueryTest","executeCancelServerSideAsyncQueryWithNonExistentTokenTest","executeCancelServerSideAsyncQueryWithNonExistentTokenTest()",""
"passed","Thu Oct 02 03:48:59 GMT 2025","Thu Oct 02 03:48:59 GMT 2025","83","","integration.tests.SystemEngineDatabaseMetaDataTest","","integration.tests.SystemEngineDatabaseMetaDataTest","getTables","getTables(String, String, String, String, String, String) [7] {database}, information_schema, null, null, tables, null",""
"passed","Thu Oct 02 03:46:47 GMT 2025","Thu Oct 02 03:46:47 GMT 2025","896","","integration.tests.PreparedStatementArrayTest","","integration.tests.PreparedStatementArrayTest","integerAndStringWithNullValues","integerAndStringWithNullValues(PreparedStatementValueSetter) set OBJECT",""
"passed","Thu Oct 02 03:48:09 GMT 2025","Thu Oct 02 03:48:09 GMT 2025","558","","integration.tests.StatementTest","","integration.tests.StatementTest","unlimitedMaxFieldSize","unlimitedMaxFieldSize(int) [1] 0",""
"passed","Thu Oct 02 04:01:26 GMT 2025","Thu Oct 02 04:01:27 GMT 2025","1069","","integration.tests.TransactionTest","","integration.tests.TransactionTest","shouldNotRollbackTransactionWhenRollbackWasManuallyExecuted","shouldNotRollbackTransactionWhenRollbackWasManuallyExecuted()",""
"passed","Thu Oct 02 04:01:32 GMT 2025","Thu Oct 02 04:01:35 GMT 2025","2712","","integration.tests.datatype.BooleanTest","","integration.tests.datatype.BooleanTest","canUsePreparedStatementsToInsertTrueValueInBooleanColumn","canUsePreparedStatementsToInsertTrueValueInBooleanColumn()",""
"passed","Thu Oct 02 03:46:37 GMT 2025","Thu Oct 02 03:46:37 GMT 2025","86","","integration.tests.DatabaseMetaDataTest","","integration.tests.DatabaseMetaDataTest","getTables","getTables(String, String, String, String, String, String) [15] null, information_schema, null, VIEW, tables;columns, null",""
"passed","Thu Oct 02 03:48:59 GMT 2025","Thu Oct 02 03:48:59 GMT 2025","93","","integration.tests.SystemEngineDatabaseMetaDataTest","","integration.tests.SystemEngineDatabaseMetaDataTest","getTables","getTables(String, String, String, String, String, String) [6] {database}, null, null, null, tables, null",""
"passed","Thu Oct 02 03:46:56 GMT 2025","Thu Oct 02 03:46:57 GMT 2025","1078","","integration.tests.PreparedStatementFbNumericTest","","integration.tests.PreparedStatementFbNumericTest","shouldReplaceParamMarkersInMultistatementStatement","shouldReplaceParamMarkersInMultistatementStatement()",""
"passed","Thu Oct 02 03:47:35 GMT 2025","Thu Oct 02 03:47:35 GMT 2025","81","","integration.tests.SpecialValuesTest","","integration.tests.SpecialValuesTest","nanDoubleUserEngine","nanDoubleUserEngine(String) [1] select 'nan'::double",""
"passed","Thu Oct 02 03:47:00 GMT 2025","Thu Oct 02 03:47:01 GMT 2025","504","","integration.tests.PreparedStatementFbNumericTest","","integration.tests.PreparedStatementFbNumericTest","shouldFetchSpecialCharacters","shouldFetchSpecialCharacters()",""
"passed","Thu Oct 02 03:48:41 GMT 2025","Thu Oct 02 03:48:52 GMT 2025","10630","","integration.tests.StatementTest","","integration.tests.StatementTest","willUseRandomQueryLabelIfNoneExplicitlySet","willUseRandomQueryLabelIfNoneExplicitlySet()",""
"passed","Thu Oct 02 03:47:16 GMT 2025","Thu Oct 02 03:47:17 GMT 2025","811","","integration.tests.PreparedStatementTest","","integration.tests.PreparedStatementTest","shouldFailAllPreparedStatementsFromBatchIfOneFails","shouldFailAllPreparedStatementsFromBatchIfOneFails()",""
"passed","Thu Oct 02 03:47:04 GMT 2025","Thu Oct 02 03:47:05 GMT 2025","811","","integration.tests.PreparedStatementFbNumericTest","","integration.tests.PreparedStatementFbNumericTest","shouldInsertRecordsUsingDifferentNumericTypes","shouldInsertRecordsUsingDifferentNumericTypes(String, CheckedVoidTriFunction, CheckedBiFunction) short",""
"passed","Thu Oct 02 03:48:20 GMT 2025","Thu Oct 02 03:48:20 GMT 2025","501","","integration.tests.StatementTest","","integration.tests.StatementTest","maxFieldSize","maxFieldSize(int) [4] 50",""
"passed","Thu Oct 02 03:53:52 GMT 2025","Thu Oct 02 03:55:02 GMT 2025","70558","","integration.tests.SystemEngineTest","","integration.tests.SystemEngineTest","shouldExecuteEngineManagementQueries","shouldExecuteEngineManagementQueries()",""
"passed","Thu Oct 02 03:47:33 GMT 2025","Thu Oct 02 03:47:33 GMT 2025","868","","integration.tests.PreparedStatementTest","","integration.tests.PreparedStatementTest","shouldFetchTimestampWithTimezone","shouldFetchTimestampWithTimezone()",""
"passed","Thu Oct 02 03:43:43 GMT 2025","Thu Oct 02 03:43:44 GMT 2025","1872","","integration.tests.AsyncQueryTest","","integration.tests.AsyncQueryTest","executeCancelServerSideAsyncQueryAfterQueryHasFinishedTest","executeCancelServerSideAsyncQueryAfterQueryHasFinishedTest()",""
"passed","Thu Oct 02 03:48:15 GMT 2025","Thu Oct 02 03:48:16 GMT 2025","533","","integration.tests.StatementTest","","integration.tests.StatementTest","successfulSettingOfPropertyThatRequiresAdvancedModePreviouslySetAtRuntime","successfulSettingOfPropertyThatRequiresAdvancedModePreviouslySetAtRuntime()",""
"passed","Thu Oct 02 03:48:21 GMT 2025","Thu Oct 02 03:48:21 GMT 2025","458","","integration.tests.StatementTest","","integration.tests.StatementTest","setWrongParameterOnUserEngineForV2","setWrongParameterOnUserEngineForV2()",""
"passed","Thu Oct 02 03:46:42 GMT 2025","Thu Oct 02 03:46:42 GMT 2025","81","","integration.tests.NumericTypesTest","","integration.tests.NumericTypesTest","shouldHaveCorrectInfo","shouldHaveCorrectInfo()",""
"passed","Thu Oct 02 03:49:00 GMT 2025","Thu Oct 02 03:49:00 GMT 2025","82","","integration.tests.SystemEngineDatabaseMetaDataTest","","integration.tests.SystemEngineDatabaseMetaDataTest","getTables","getTables(String, String, String, String, String, String) [17] {database}, information_schema, %in%, null, engines, tables",""
"passed","Thu Oct 02 03:51:00 GMT 2025","Thu Oct 02 03:51:02 GMT 2025","2078","","integration.tests.SystemEngineTest","","integration.tests.SystemEngineTest","useDatabase","useDatabase(String) [1] ",""
"passed","Thu Oct 02 04:01:19 GMT 2025","Thu Oct 02 04:01:20 GMT 2025","793","","integration.tests.TransactionTest","","integration.tests.TransactionTest","shouldRollbackTransactionSuccessfully","shouldRollbackTransactionSuccessfully()",""
"passed","Thu Oct 02 03:47:27 GMT 2025","Thu Oct 02 03:47:28 GMT 2025","728","","integration.tests.PreparedStatementTest","","integration.tests.PreparedStatementTest","shouldInsertRecordsUsingDifferentNumericTypes","shouldInsertRecordsUsingDifferentNumericTypes(String, CheckedVoidTriFunction, CheckedBiFunction) getObject(Long.class)",""
"passed","Thu Oct 02 03:48:55 GMT 2025","Thu Oct 02 03:48:56 GMT 2025","835","","integration.tests.StatementTest","","integration.tests.StatementTest","mixedCaseTable","mixedCaseTable(String, String, String, String) [2] CREATE FACT TABLE ""Case_Test"" (x long), Case_Test, case_test, ""Case_Test""",""
"passed","Thu Oct 02 04:01:15 GMT 2025","Thu Oct 02 04:01:15 GMT 2025","295","","integration.tests.TransactionTest","","integration.tests.TransactionTest","shouldThrowExceptionWhenStartingTransactionDuringTransaction","shouldThrowExceptionWhenStartingTransactionDuringTransaction()",""
"passed","Thu Oct 02 03:47:07 GMT 2025","Thu Oct 02 03:47:08 GMT 2025","1156","","integration.tests.PreparedStatementFbNumericTest","","integration.tests.PreparedStatementFbNumericTest","shouldInsertAndSelectGeography","shouldInsertAndSelectGeography()",""
"passed","Thu Oct 02 03:46:25 GMT 2025","Thu Oct 02 03:46:35 GMT 2025","10265","","integration.tests.ConnectionTest","","integration.tests.ConnectionTest","successfulConnectWithoutStartingTheEngine","successfulConnectWithoutStartingTheEngine()",""
"passed","Thu Oct 02 03:48:57 GMT 2025","Thu Oct 02 03:48:57 GMT 2025","84","","integration.tests.SystemEngineDatabaseMetaDataTest","","integration.tests.SystemEngineDatabaseMetaDataTest","getSchemasInformationSchema","getSchemasInformationSchema(String, String, String) [1] null, null, information_schema",""
"passed","Thu Oct 02 03:47:36 GMT 2025","Thu Oct 02 03:47:36 GMT 2025","77","","integration.tests.SpecialValuesTest","","integration.tests.SpecialValuesTest","infDoubleUserEngine","infDoubleUserEngine(String) [1] select 'inf'::double",""
"passed","Thu Oct 02 03:48:15 GMT 2025","Thu Oct 02 03:48:15 GMT 2025","488","","integration.tests.StatementTest","","integration.tests.StatementTest","caseInsensitiveGetter","caseInsensitiveGetter()",""
"passed","Thu Oct 02 03:47:37 GMT 2025","Thu Oct 02 03:47:37 GMT 2025","81","","integration.tests.SpecialValuesTest","","integration.tests.SpecialValuesTest","nanDoubleSystemEngine","nanDoubleSystemEngine(String) [1] select 'nan'::double",""
"passed","Thu Oct 02 03:48:56 GMT 2025","Thu Oct 02 03:48:57 GMT 2025","445","","integration.tests.StatementTest","","integration.tests.StatementTest","shouldSelect1","shouldSelect1()",""
"passed","Thu Oct 02 03:49:04 GMT 2025","Thu Oct 02 03:49:04 GMT 2025","82","","integration.tests.SystemEngineDatabaseMetaDataTest","","integration.tests.SystemEngineDatabaseMetaDataTest","getColumns","getColumns(String, String, String, String, String, String) [25] null, %form%, %in%, table_schema, information_schema.indexes.table_schema, information_schema.indexes.table_name",""
"passed","Thu Oct 02 04:01:29 GMT 2025","Thu Oct 02 04:01:31 GMT 2025","2682","","integration.tests.datatype.BooleanTest","","integration.tests.datatype.BooleanTest","canUsePreparedStatementsToInsertFalseValueInBooleanColumn","canUsePreparedStatementsToInsertFalseValueInBooleanColumn()",""
"passed","Thu Oct 02 03:46:37 GMT 2025","Thu Oct 02 03:46:37 GMT 2025","92","","integration.tests.DatabaseMetaDataTest","","integration.tests.DatabaseMetaDataTest","shouldReturnColumns","shouldReturnColumns()",""
"passed","Thu Oct 02 03:46:36 GMT 2025","Thu Oct 02 03:46:36 GMT 2025","86","","integration.tests.DatabaseMetaDataTest","","integration.tests.DatabaseMetaDataTest","getTables","getTables(String, String, String, String, String, String) [6] null, null, %account%, null, accounts;service_accounts, tables;columns;views",""
"passed","Thu Oct 02 03:47:32 GMT 2025","Thu Oct 02 03:47:33 GMT 2025","958","","integration.tests.PreparedStatementTest","","integration.tests.PreparedStatementTest","shouldInsertAndSelectBlobClob","shouldInsertAndSelectBlobClob()",""
"passed","Thu Oct 02 03:48:12 GMT 2025","Thu Oct 02 03:48:13 GMT 2025","560","","integration.tests.StatementTest","","integration.tests.StatementTest","setCorrectThenWrongParameterOnSystemEngine","setCorrectThenWrongParameterOnSystemEngine()",""
"passed","Thu Oct 02 03:46:50 GMT 2025","Thu Oct 02 03:46:50 GMT 2025","701","","integration.tests.PreparedStatementArrayTest","","integration.tests.PreparedStatementArrayTest","emptyIntAndStringValues","emptyIntAndStringValues(PreparedStatementValueSetter) set ARRAY",""
"passed","Thu Oct 02 03:47:06 GMT 2025","Thu Oct 02 03:47:07 GMT 2025","868","","integration.tests.PreparedStatementFbNumericTest","","integration.tests.PreparedStatementFbNumericTest","shouldReplaceParamMarkers","shouldReplaceParamMarkers()",""
"passed","Thu Oct 02 03:46:51 GMT 2025","Thu Oct 02 03:46:52 GMT 2025","914","","integration.tests.PreparedStatementArrayTest","","integration.tests.PreparedStatementArrayTest","nullArrays","nullArrays(PreparedStatementValueSetter) set ARRAY",""
"passed","Thu Oct 02 03:49:04 GMT 2025","Thu Oct 02 03:49:04 GMT 2025","83","","integration.tests.SystemEngineDatabaseMetaDataTest","","integration.tests.SystemEngineDatabaseMetaDataTest","getColumns","getColumns(String, String, String, String, String, String) [22] null, information_schema, %in%, last_altered, information_schema.engines.last_altered, information_schema.engines.engine_name",""
"passed","Thu Oct 02 03:48:21 GMT 2025","Thu Oct 02 03:48:21 GMT 2025","470","","integration.tests.StatementTest","","integration.tests.StatementTest","setWrongParameterOnSystemEngineForV2","setWrongParameterOnSystemEngineForV2(String, String, String) [1] set foo=bar, query param not allowed: foo, 0",""
"passed","Thu Oct 02 03:47:15 GMT 2025","Thu Oct 02 03:47:15 GMT 2025","498","","integration.tests.PreparedStatementTest","","integration.tests.PreparedStatementTest","shouldFetchBoolean","shouldFetchBoolean()",""
"passed","Thu Oct 02 04:01:14 GMT 2025","Thu Oct 02 04:01:15 GMT 2025","728","","integration.tests.TransactionTest","","integration.tests.TransactionTest","shouldNotStartTransactionIfAutoCommitIsTrue","shouldNotStartTransactionIfAutoCommitIsTrue()",""
"passed","Thu Oct 02 04:01:25 GMT 2025","Thu Oct 02 04:01:26 GMT 2025","1348","","integration.tests.TransactionTest","","integration.tests.TransactionTest","shouldCommitTableCreationAndDataInsertion","shouldCommitTableCreationAndDataInsertion()",""
"passed","Thu Oct 02 04:01:28 GMT 2025","Thu Oct 02 04:01:28 GMT 2025","6","","integration.tests.client.RetryPolicyTest","","integration.tests.client.RetryPolicyTest","shouldRetryOn502","shouldRetryOn502()",""
"passed","Thu Oct 02 03:47:35 GMT 2025","Thu Oct 02 03:47:35 GMT 2025","79","","integration.tests.SpecialValuesTest","","integration.tests.SpecialValuesTest","infRealSystemEngine","infRealSystemEngine(String) [1] select 'inf'::real",""
"passed","Thu Oct 02 03:47:37 GMT 2025","Thu Oct 02 03:47:37 GMT 2025","80","","integration.tests.SpecialValuesTest","","integration.tests.SpecialValuesTest","nanDoubleSystemEngine","nanDoubleSystemEngine(String) [2] select '+nan'::double",""
"passed","Thu Oct 02 03:47:35 GMT 2025","Thu Oct 02 03:47:36 GMT 2025","79","","integration.tests.SpecialValuesTest","","integration.tests.SpecialValuesTest","infRealUserEngine","infRealUserEngine(String) [1] select 'inf'::real",""
"passed","Thu Oct 02 03:49:04 GMT 2025","Thu Oct 02 03:49:04 GMT 2025","83","","integration.tests.SystemEngineDatabaseMetaDataTest","","integration.tests.SystemEngineDatabaseMetaDataTest","getColumns","getColumns(String, String, String, String, String, String) [21] null, null, %in%, created, information_schema.engines.created, information_schema.engines.engine_name",""
"passed","Thu Oct 02 03:46:36 GMT 2025","Thu Oct 02 03:46:36 GMT 2025","86","","integration.tests.DatabaseMetaDataTest","","integration.tests.DatabaseMetaDataTest","getTables","getTables(String, String, String, String, String, String) [11] null, public, null, TABLE;VIEW, integration_test, tables;columns;views",""
"passed","Thu Oct 02 03:46:37 GMT 2025","Thu Oct 02 03:46:37 GMT 2025","86","","integration.tests.DatabaseMetaDataTest","","integration.tests.DatabaseMetaDataTest","getTables","getTables(String, String, String, String, String, String) [14] null, information_schema, null, TABLE;VIEW, tables;columns, integration_test",""
"passed","Thu Oct 02 03:46:13 GMT 2025","Thu Oct 02 03:46:13 GMT 2025","92","","integration.tests.ConnectionTest","","integration.tests.ConnectionTest","successfulConnect","successfulConnect(boolean, boolean) V2 using db:false engine:false",""
"passed","Thu Oct 02 03:47:35 GMT 2025","Thu Oct 02 03:47:35 GMT 2025","79","","integration.tests.SpecialValuesTest","","integration.tests.SpecialValuesTest","infRealSystemEngine","infRealSystemEngine(String) [2] select '+inf'::real",""
"passed","Thu Oct 02 03:49:01 GMT 2025","Thu Oct 02 03:49:01 GMT 2025","82","","integration.tests.SystemEngineDatabaseMetaDataTest","","integration.tests.SystemEngineDatabaseMetaDataTest","getTables","getTables(String, String, String, String, String, String) [27] {database}, information_schema, %in%, VIEW, engines, tables",""
"passed","Thu Oct 02 04:01:12 GMT 2025","Thu Oct 02 04:01:12 GMT 2025","160","","integration.tests.TimestampTest","","integration.tests.TimestampTest","shouldReturnTimestampFromTimestampTzWithTzWithHoursAndMinutes","shouldReturnTimestampFromTimestampTzWithTzWithHoursAndMinutes()",""
"passed","Thu Oct 02 03:49:00 GMT 2025","Thu Oct 02 03:49:00 GMT 2025","83","","integration.tests.SystemEngineDatabaseMetaDataTest","","integration.tests.SystemEngineDatabaseMetaDataTest","getTables","getTables(String, String, String, String, String, String) [13] null, information%, %in%, null, engines, tables",""
"passed","Thu Oct 02 03:48:58 GMT 2025","Thu Oct 02 03:48:59 GMT 2025","139","","integration.tests.SystemEngineDatabaseMetaDataTest","","integration.tests.SystemEngineDatabaseMetaDataTest","getTables","getTables(String, String, String, String, String, String) [1] null, null, null, null, tables, null",""
"passed","Thu Oct 02 03:48:58 GMT 2025","Thu Oct 02 03:48:58 GMT 2025","81","","integration.tests.SystemEngineDatabaseMetaDataTest","","integration.tests.SystemEngineDatabaseMetaDataTest","getSchemasInformationSchema","getSchemasInformationSchema(String, String, String) [7] {database}, information_schema, information_schema",""
"passed","Thu Oct 02 03:46:50 GMT 2025","Thu Oct 02 03:46:51 GMT 2025","746","","integration.tests.PreparedStatementArrayTest","","integration.tests.PreparedStatementArrayTest","emptyIntAndStringValues","emptyIntAndStringValues(PreparedStatementValueSetter) set OBJECT",""
"passed","Thu Oct 02 03:47:35 GMT 2025","Thu Oct 02 03:47:35 GMT 2025","79","","integration.tests.SpecialValuesTest","","integration.tests.SpecialValuesTest","nanRealUserEngine","nanRealUserEngine(String) [1] select 'nan'::real",""
"passed","Thu Oct 02 03:47:29 GMT 2025","Thu Oct 02 03:47:29 GMT 2025","726","","integration.tests.PreparedStatementTest","","integration.tests.PreparedStatementTest","shouldReplaceParamMarkers","shouldReplaceParamMarkers()",""
"passed","Thu Oct 02 03:47:37 GMT 2025","Thu Oct 02 03:47:37 GMT 2025","80","","integration.tests.SpecialValuesTest","","integration.tests.SpecialValuesTest","nanDoubleSystemEngine","nanDoubleSystemEngine(String) [3] select '-nan'::double",""
"passed","Thu Oct 02 03:47:36 GMT 2025","Thu Oct 02 03:47:36 GMT 2025","79","","integration.tests.SpecialValuesTest","","integration.tests.SpecialValuesTest","infRealUserEngine","infRealUserEngine(String) [2] select '+inf'::real",""
"passed","Thu Oct 02 03:46:13 GMT 2025","Thu Oct 02 03:46:14 GMT 2025","81","","integration.tests.ConnectionTest","","integration.tests.ConnectionTest","successfulConnect","successfulConnect(boolean, boolean) V2 using db:false engine:true",""
"passed","Thu Oct 02 03:46:35 GMT 2025","Thu Oct 02 03:46:35 GMT 2025","94","","integration.tests.DatabaseMetaDataTest","","integration.tests.DatabaseMetaDataTest","shouldReturnTable","shouldReturnTable()",""
"passed","Thu Oct 02 03:47:36 GMT 2025","Thu Oct 02 03:47:36 GMT 2025","86","","integration.tests.SpecialValuesTest","","integration.tests.SpecialValuesTest","nanRealSystemEngine","nanRealSystemEngine(String) [3] select '-nan'::real",""
"passed","Thu Oct 02 03:48:41 GMT 2025","Thu Oct 02 03:48:41 GMT 2025","470","","integration.tests.StatementTest","","integration.tests.StatementTest","mixedCaseSelect","mixedCaseSelect(String, String) [2] select 1 as ""lower"", 2 as ""UPPER"", 3 AS ""MiXeD"", lower,UPPER,MiXeD",""
"passed","Thu Oct 02 03:47:37 GMT 2025","Thu Oct 02 03:47:37 GMT 2025","80","","integration.tests.SpecialValuesTest","","integration.tests.SpecialValuesTest","minusInfRealSystemEngine","minusInfRealSystemEngine(String) [1] select '-inf'::real",""
"passed","Thu Oct 02 03:47:36 GMT 2025","Thu Oct 02 03:47:36 GMT 2025","77","","integration.tests.SpecialValuesTest","","integration.tests.SpecialValuesTest","minusInfRealUserEngine","minusInfRealUserEngine(String) [1] select '-inf'::real",""
"passed","Thu Oct 02 04:01:17 GMT 2025","Thu Oct 02 04:01:18 GMT 2025","1200","","integration.tests.TransactionTest","","integration.tests.TransactionTest","shouldNotCommitTransactionWhenCommitWasManuallyExecuted","shouldNotCommitTransactionWhenCommitWasManuallyExecuted()",""
"passed","Thu Oct 02 03:47:18 GMT 2025","Thu Oct 02 03:47:18 GMT 2025","822","","integration.tests.PreparedStatementTest","","integration.tests.PreparedStatementTest","shouldFetchTimestampAndDate","shouldFetchTimestampAndDate(Object, Object, boolean) [1] 2019-07-31T11:15:13, 2019-07-31, true",""
"passed","Thu Oct 02 03:51:05 GMT 2025","Thu Oct 02 03:52:11 GMT 2025","66565","","integration.tests.SystemEngineTest","","integration.tests.SystemEngineTest","useEngine","useEngine()",""
"passed","Thu Oct 02 03:47:31 GMT 2025","Thu Oct 02 03:47:32 GMT 2025","1053","","integration.tests.PreparedStatementTest","","integration.tests.PreparedStatementTest","shouldInsertRecordsInBatch","shouldInsertRecordsInBatch()",""
"passed","Thu Oct 02 03:47:35 GMT 2025","Thu Oct 02 03:47:35 GMT 2025","82","","integration.tests.SpecialValuesTest","","integration.tests.SpecialValuesTest","minusInfFloatAsDoubleSystemEngine","minusInfFloatAsDoubleSystemEngine(String) [1] select '-inf'::float",""
"passed","Thu Oct 02 03:47:37 GMT 2025","Thu Oct 02 03:47:37 GMT 2025","79","","integration.tests.SpecialValuesTest","","integration.tests.SpecialValuesTest","nanFloatAsDoubleSystemEngine","nanFloatAsDoubleSystemEngine(String) [3] select '-nan'::float",""
"passed","Thu Oct 02 03:47:15 GMT 2025","Thu Oct 02 03:47:16 GMT 2025","1086","","integration.tests.PreparedStatementTest","","integration.tests.PreparedStatementTest","shouldParReplaceParamMarkersInMultistatementStatement","shouldParReplaceParamMarkersInMultistatementStatement()",""
"passed","Thu Oct 02 03:48:40 GMT 2025","Thu Oct 02 03:48:40 GMT 2025","531","","integration.tests.StatementTest","","integration.tests.StatementTest","shouldSelect1WithEngine","shouldSelect1WithEngine()",""
"passed","Thu Oct 02 03:51:00 GMT 2025","Thu Oct 02 03:51:00 GMT 2025","279","","integration.tests.SystemEngineTest","","integration.tests.SystemEngineTest","shouldThrowExceptionWhenExecutingWrongQueryWithJsonError","shouldThrowExceptionWhenExecutingWrongQueryWithJsonError()",""
"passed","Thu Oct 02 03:47:36 GMT 2025","Thu Oct 02 03:47:36 GMT 2025","77","","integration.tests.SpecialValuesTest","","integration.tests.SpecialValuesTest","nanFloatAsDoubleUserEngine","nanFloatAsDoubleUserEngine(String) [3] select '-nan'::float",""
"passed","Thu Oct 02 03:49:04 GMT 2025","Thu Oct 02 03:49:04 GMT 2025","95","","integration.tests.SystemEngineDatabaseMetaDataTest","","integration.tests.SystemEngineDatabaseMetaDataTest","getColumns","getColumns(String, String, String, String, String, String) [18] {database}, information%, %in%, null, information_schema.engines.engine_name, information_schema.tables.table_name",""
"passed","Thu Oct 02 03:48:19 GMT 2025","Thu Oct 02 03:48:19 GMT 2025","543","","integration.tests.StatementTest","","integration.tests.StatementTest","maxFieldSize","maxFieldSize(int) [2] 3",""
"passed","Thu Oct 02 03:49:05 GMT 2025","Thu Oct 02 03:49:05 GMT 2025","84","","integration.tests.SystemEngineDatabaseMetaDataTest","","integration.tests.SystemEngineDatabaseMetaDataTest","getColumns","getColumns(String, String, String, String, String, String) [34] wrong_catalog, %form%, %in%, type, null, information_schema.engines.type",""
"passed","Thu Oct 02 03:46:35 GMT 2025","Thu Oct 02 03:46:35 GMT 2025","101","","integration.tests.DatabaseMetaDataTest","","integration.tests.DatabaseMetaDataTest","shouldReturnSchema","shouldReturnSchema()",""
"passed","Thu Oct 02 03:46:36 GMT 2025","Thu Oct 02 03:46:37 GMT 2025","84","","integration.tests.DatabaseMetaDataTest","","integration.tests.DatabaseMetaDataTest","getTables","getTables(String, String, String, String, String, String) [12] null, public, null, VIEW, null, tables;columns;views",""
"passed","Thu Oct 02 03:47:35 GMT 2025","Thu Oct 02 03:47:35 GMT 2025","80","","integration.tests.SpecialValuesTest","","integration.tests.SpecialValuesTest","infFloatAsDoubleUserEngine","infFloatAsDoubleUserEngine(String) [1] select 'inf'::float",""
"passed","Thu Oct 02 03:49:01 GMT 2025","Thu Oct 02 03:49:01 GMT 2025","86","","integration.tests.SystemEngineDatabaseMetaDataTest","","integration.tests.SystemEngineDatabaseMetaDataTest","getTables","getTables(String, String, String, String, String, String) [23] null, information%, %in%, VIEW, engines, tables",""
"passed","Thu Oct 02 04:01:11 GMT 2025","Thu Oct 02 04:01:11 GMT 2025","84","","integration.tests.TimestampTest","","integration.tests.TimestampTest","shouldRemoveOffsetDIffWhenTimestampOffsetHasChangedCET","shouldRemoveOffsetDIffWhenTimestampOffsetHasChangedCET()",""
"passed","Thu Oct 02 03:49:03 GMT 2025","Thu Oct 02 03:49:03 GMT 2025","97","","integration.tests.SystemEngineDatabaseMetaDataTest","","integration.tests.SystemEngineDatabaseMetaDataTest","getColumns","getColumns(String, String, String, String, String, String) [15] null, %form%, %in%, null, information_schema.engines.engine_name, information_schema.tables.table_name",""
"passed","Thu Oct 02 03:50:58 GMT 2025","Thu Oct 02 03:51:00 GMT 2025","1987","","integration.tests.SystemEngineTest","","integration.tests.SystemEngineTest","connectToAccountWithoutUser","connectToAccountWithoutUser()",""
"passed","Thu Oct 02 03:46:14 GMT 2025","Thu Oct 02 03:46:25 GMT 2025","10856","","integration.tests.ConnectionTest","","integration.tests.ConnectionTest","preparedStatementBatchesWorkIfMergeParameterProvided","preparedStatementBatchesWorkIfMergeParameterProvided()",""
"passed","Thu Oct 02 04:01:27 GMT 2025","Thu Oct 02 04:01:28 GMT 2025","801","","integration.tests.TransactionTest","","integration.tests.TransactionTest","shouldWorkWithPreparedStatements","shouldWorkWithPreparedStatements()",""
"passed","Thu Oct 02 03:49:03 GMT 2025","Thu Oct 02 03:49:03 GMT 2025","97","","integration.tests.SystemEngineDatabaseMetaDataTest","","integration.tests.SystemEngineDatabaseMetaDataTest","getColumns","getColumns(String, String, String, String, String, String) [13] null, information%, %in%, null, information_schema.engines.engine_name, information_schema.tables.table_name",""
"passed","Thu Oct 02 03:47:24 GMT 2025","Thu Oct 02 03:47:25 GMT 2025","726","","integration.tests.PreparedStatementTest","","integration.tests.PreparedStatementTest","shouldInsertRecordsUsingDifferentNumericTypes","shouldInsertRecordsUsingDifferentNumericTypes(String, CheckedVoidTriFunction, CheckedBiFunction) byte",""
