"DESCRIPTION","DURATION IN MS","NAME","PARENT SUITE","START TIME","STATUS","STOP TIME","SUB SUITE","SUITE","TEST CLASS","TEST METHOD"
"","87","getTables(String, String, String, String, String, String) [28] {database}, information%, %in%, VIEW, engines, tables","","Wed Nov 05 16:59:37 UTC 2025","passed","Wed Nov 05 16:59:38 UTC 2025","","integration.tests.SystemEngineDatabaseMetaDataTest","integration.tests.SystemEngineDatabaseMetaDataTest","getTables"
"","741","nullArrays(PreparedStatementValueSetter) set OBJECT","","Wed Nov 05 16:57:30 UTC 2025","passed","Wed Nov 05 16:57:30 UTC 2025","","integration.tests.PreparedStatementArrayTest","integration.tests.PreparedStatementArrayTest","nullArrays"
"","1046","shouldReplaceParamMarkersInMultistatementStatement()","","Wed Nov 05 16:57:34 UTC 2025","passed","Wed Nov 05 16:57:35 UTC 2025","","integration.tests.PreparedStatementFbNumericTest","integration.tests.PreparedStatementFbNumericTest","shouldReplaceParamMarkersInMultistatementStatement"
"","87","getColumns(String, String, String, String, String, String) [25] null, %form%, %in%, table_schema, information_schema.indexes.table_schema, information_schema.indexes.table_name","","Wed Nov 05 16:59:41 UTC 2025","passed","Wed Nov 05 16:59:41 UTC 2025","","integration.tests.SystemEngineDatabaseMetaDataTest","integration.tests.SystemEngineDatabaseMetaDataTest","getColumns"
"","89","getTables(String, String, String, String, String, String) [13] null, information%, %in%, null, engines, tables","","Wed Nov 05 16:59:36 UTC 2025","passed","Wed Nov 05 16:59:36 UTC 2025","","integration.tests.SystemEngineDatabaseMetaDataTest","integration.tests.SystemEngineDatabaseMetaDataTest","getTables"
"","86","getTables(String, String, String, String, String, String) [24] null, %schema, %in%, VIEW, engines, tables","","Wed Nov 05 16:59:37 UTC 2025","passed","Wed Nov 05 16:59:37 UTC 2025","","integration.tests.SystemEngineDatabaseMetaDataTest","integration.tests.SystemEngineDatabaseMetaDataTest","getTables"
"","90","getColumns(String, String, String, String, String, String) [23] null, information%, %in%, description, information_schema.engines.description, information_schema.engines.engine_name","","Wed Nov 05 16:59:41 UTC 2025","passed","Wed Nov 05 16:59:41 UTC 2025","","integration.tests.SystemEngineDatabaseMetaDataTest","integration.tests.SystemEngineDatabaseMetaDataTest","getColumns"
"","10845","willUseRandomQueryLabelIfNoneExplicitlySet()","","Wed Nov 05 16:59:17 UTC 2025","passed","Wed Nov 05 16:59:28 UTC 2025","","integration.tests.StatementTest","integration.tests.StatementTest","willUseRandomQueryLabelIfNoneExplicitlySet"
"","90","getSchemasInformationSchema(String, String, String) [3] null, information%, information_schema","","Wed Nov 05 16:59:34 UTC 2025","passed","Wed Nov 05 16:59:34 UTC 2025","","integration.tests.SystemEngineDatabaseMetaDataTest","integration.tests.SystemEngineDatabaseMetaDataTest","getSchemasInformationSchema"
"","82","infRealUserEngine(String) [1] select 'inf'::real","","Wed Nov 05 16:58:12 UTC 2025","passed","Wed Nov 05 16:58:12 UTC 2025","","integration.tests.SpecialValuesTest","integration.tests.SpecialValuesTest","infRealUserEngine"
"","691","intAndStringValues(PreparedStatementValueSetter) set ARRAY","","Wed Nov 05 16:57:21 UTC 2025","passed","Wed Nov 05 16:57:22 UTC 2025","","integration.tests.PreparedStatementArrayTest","integration.tests.PreparedStatementArrayTest","intAndStringValues"
"","121","getColumns(String, String, String, String, String, String) [8] {database}, information%, null, null, information_schema.columns.column_name, null","","Wed Nov 05 16:59:39 UTC 2025","passed","Wed Nov 05 16:59:39 UTC 2025","","integration.tests.SystemEngineDatabaseMetaDataTest","integration.tests.SystemEngineDatabaseMetaDataTest","getColumns"
"","542","mixedCaseSelect(String, String) [1] select 1 as lower, 2 as UPPER, 3 AS MiXeD, lower,upper,mixed","","Wed Nov 05 16:59:16 UTC 2025","passed","Wed Nov 05 16:59:17 UTC 2025","","integration.tests.StatementTest","integration.tests.StatementTest","mixedCaseSelect"
"","513","setWrongParameterOnSystemEngineOnUserEngine()","","Wed Nov 05 16:59:28 UTC 2025","passed","Wed Nov 05 16:59:29 UTC 2025","","integration.tests.StatementTest","integration.tests.StatementTest","setWrongParameterOnSystemEngineOnUserEngine"
"","90","getTables(String, String, String, String, String, String) [15] null, %form%, %in%, null, engines, tables","","Wed Nov 05 16:59:36 UTC 2025","passed","Wed Nov 05 16:59:36 UTC 2025","","integration.tests.SystemEngineDatabaseMetaDataTest","integration.tests.SystemEngineDatabaseMetaDataTest","getTables"
"","947","shouldReplaceParamMarkers()","","Wed Nov 05 16:57:44 UTC 2025","passed","Wed Nov 05 16:57:44 UTC 2025","","integration.tests.PreparedStatementFbNumericTest","integration.tests.PreparedStatementFbNumericTest","shouldReplaceParamMarkers"
"","323","shouldThrowExceptionWhenStartingTransactionDuringTransaction()","","Wed Nov 05 17:09:18 UTC 2025","passed","Wed Nov 05 17:09:19 UTC 2025","","integration.tests.TransactionTest","integration.tests.TransactionTest","shouldThrowExceptionWhenStartingTransactionDuringTransaction"
"","89","getTables(String, String, String, String, String, String) [6] null, null, %account%, null, accounts;service_accounts, tables;columns;views","","Wed Nov 05 16:57:15 UTC 2025","passed","Wed Nov 05 16:57:15 UTC 2025","","integration.tests.DatabaseMetaDataTest","integration.tests.DatabaseMetaDataTest","getTables"
"","772","shouldInsertRecordsUsingDifferentNumericTypes(String, CheckedVoidTriFunction, CheckedBiFunction) byte","","Wed Nov 05 16:57:41 UTC 2025","passed","Wed Nov 05 16:57:41 UTC 2025","","integration.tests.PreparedStatementFbNumericTest","integration.tests.PreparedStatementFbNumericTest","shouldInsertRecordsUsingDifferentNumericTypes"
"","97","getColumns(String, String, String, String, String, String) [17] {database}, information_schema, %in%, null, information_schema.engines.engine_name, information_schema.tables.table_name","","Wed Nov 05 16:59:40 UTC 2025","passed","Wed Nov 05 16:59:40 UTC 2025","","integration.tests.SystemEngineDatabaseMetaDataTest","integration.tests.SystemEngineDatabaseMetaDataTest","getColumns"
"","91","getTables(String, String, String, String, String, String) [4] null, null, null, TABLE, integration_test, views;tables","","Wed Nov 05 16:57:14 UTC 2025","passed","Wed Nov 05 16:57:15 UTC 2025","","integration.tests.DatabaseMetaDataTest","integration.tests.DatabaseMetaDataTest","getTables"
"","256","shouldReturnTimestampFromTimestamptzWithTime_zoneSettings()","","Wed Nov 05 17:09:10 UTC 2025","passed","Wed Nov 05 17:09:10 UTC 2025","","integration.tests.TimestampTest","integration.tests.TimestampTest","shouldReturnTimestampFromTimestamptzWithTime_zoneSettings"
"","172","shouldReturnTimestampFromDateWhenUsingTime_zoneSetting()","","Wed Nov 05 17:09:10 UTC 2025","passed","Wed Nov 05 17:09:10 UTC 2025","","integration.tests.TimestampTest","integration.tests.TimestampTest","shouldReturnTimestampFromDateWhenUsingTime_zoneSetting"
"","534","setCorrectThenWrongParameterOnSystemEngine()","","Wed Nov 05 16:58:49 UTC 2025","passed","Wed Nov 05 16:58:49 UTC 2025","","integration.tests.StatementTest","integration.tests.StatementTest","setCorrectThenWrongParameterOnSystemEngine"
"","91","getSchemasInformationSchema(String, String, String) [1] null, null, information_schema","","Wed Nov 05 16:59:34 UTC 2025","passed","Wed Nov 05 16:59:34 UTC 2025","","integration.tests.SystemEngineDatabaseMetaDataTest","integration.tests.SystemEngineDatabaseMetaDataTest","getSchemasInformationSchema"
"","89","getTables(String, String, String, String, String, String) [9] null, information_schema, null, null, tables;columns, integration_test","","Wed Nov 05 16:57:15 UTC 2025","passed","Wed Nov 05 16:57:15 UTC 2025","","integration.tests.DatabaseMetaDataTest","integration.tests.DatabaseMetaDataTest","getTables"
"","122","getColumns(String, String, String, String, String, String) [5] null, %form%, null, null, information_schema.columns.column_name, null","","Wed Nov 05 16:59:39 UTC 2025","passed","Wed Nov 05 16:59:39 UTC 2025","","integration.tests.SystemEngineDatabaseMetaDataTest","integration.tests.SystemEngineDatabaseMetaDataTest","getColumns"
"","82","successfulConnect(boolean, boolean) V2 using db:true engine:false","","Wed Nov 05 16:56:52 UTC 2025","passed","Wed Nov 05 16:56:52 UTC 2025","","integration.tests.ConnectionTest","integration.tests.ConnectionTest","successfulConnect"
"","2263","whenCommitFailsTheNextRunOnTheSameTransactionWillFailIfRollbackIsNotExecuted()","","Wed Nov 05 17:09:13 UTC 2025","passed","Wed Nov 05 17:09:15 UTC 2025","","integration.tests.TransactionTest","integration.tests.TransactionTest","whenCommitFailsTheNextRunOnTheSameTransactionWillFailIfRollbackIsNotExecuted"
"","88","getSchemasInformationSchema(String, String, String) [7] {database}, information_schema, information_schema","","Wed Nov 05 16:59:34 UTC 2025","passed","Wed Nov 05 16:59:35 UTC 2025","","integration.tests.SystemEngineDatabaseMetaDataTest","integration.tests.SystemEngineDatabaseMetaDataTest","getSchemasInformationSchema"
"","86","getColumns(String, String, String, String, String, String) [30] {database}, %form%, %in%, type, information_schema.engines.type, information_schema.engines.status","","Wed Nov 05 16:59:41 UTC 2025","passed","Wed Nov 05 16:59:41 UTC 2025","","integration.tests.SystemEngineDatabaseMetaDataTest","integration.tests.SystemEngineDatabaseMetaDataTest","getColumns"
"","91","getTables(String, String, String, String, String, String) [5] null, %form%, null, null, tables, null","","Wed Nov 05 16:59:35 UTC 2025","passed","Wed Nov 05 16:59:35 UTC 2025","","integration.tests.SystemEngineDatabaseMetaDataTest","integration.tests.SystemEngineDatabaseMetaDataTest","getTables"
"","83","infDoubleSystemEngine(String) [2] select '+inf'::double","","Wed Nov 05 16:58:14 UTC 2025","passed","Wed Nov 05 16:58:14 UTC 2025","","integration.tests.SpecialValuesTest","integration.tests.SpecialValuesTest","infDoubleSystemEngine"
"","709","shouldInsertAndSelectDateTime()","","Wed Nov 05 16:57:51 UTC 2025","passed","Wed Nov 05 16:57:52 UTC 2025","","integration.tests.PreparedStatementTest","integration.tests.PreparedStatementTest","shouldInsertAndSelectDateTime"
"","7","shouldRetryOn502()","","Wed Nov 05 17:09:33 UTC 2025","passed","Wed Nov 05 17:09:33 UTC 2025","","integration.tests.client.RetryPolicyTest","integration.tests.client.RetryPolicyTest","shouldRetryOn502"
"","6186","executeServerSideAsyncTestFetchStatusWorksOnDifferentEngines()","","Wed Nov 05 16:55:10 UTC 2025","passed","Wed Nov 05 16:55:16 UTC 2025","","integration.tests.AsyncQueryTest","integration.tests.AsyncQueryTest","executeServerSideAsyncTestFetchStatusWorksOnDifferentEngines"
"","80","nanDoubleUserEngine(String) [2] select '+nan'::double","","Wed Nov 05 16:58:12 UTC 2025","passed","Wed Nov 05 16:58:12 UTC 2025","","integration.tests.SpecialValuesTest","integration.tests.SpecialValuesTest","nanDoubleUserEngine"
"","1496","shouldCompareAllTimeStampsWithMultipleThreads()","","Wed Nov 05 17:09:11 UTC 2025","passed","Wed Nov 05 17:09:12 UTC 2025","","integration.tests.TimestampTest","integration.tests.TimestampTest","shouldCompareAllTimeStampsWithMultipleThreads"
"","241","shouldThrowExceptionWhenExecutingWrongQueryWithJsonError()","","Wed Nov 05 17:00:57 UTC 2025","passed","Wed Nov 05 17:00:57 UTC 2025","","integration.tests.SystemEngineTest","integration.tests.SystemEngineTest","shouldThrowExceptionWhenExecutingWrongQueryWithJsonError"
"","1282","shouldNotCommitTransactionWhenCommitWasManuallyExecuted()","","Wed Nov 05 17:09:21 UTC 2025","passed","Wed Nov 05 17:09:22 UTC 2025","","integration.tests.TransactionTest","integration.tests.TransactionTest","shouldNotCommitTransactionWhenCommitWasManuallyExecuted"
"","677","shouldNotStartTransactionIfAutoCommitIsTrue()","","Wed Nov 05 17:09:15 UTC 2025","passed","Wed Nov 05 17:09:16 UTC 2025","","integration.tests.TransactionTest","integration.tests.TransactionTest","shouldNotStartTransactionIfAutoCommitIsTrue"
"","798","preparedStatementUsingExplicitNulls()","","Wed Nov 05 16:57:18 UTC 2025","passed","Wed Nov 05 16:57:19 UTC 2025","","integration.tests.NullableValuesTest","integration.tests.NullableValuesTest","preparedStatementUsingExplicitNulls"
"","90","getTables(String, String, String, String, String, String) [17] {database}, information_schema, %in%, null, engines, tables","","Wed Nov 05 16:59:36 UTC 2025","passed","Wed Nov 05 16:59:37 UTC 2025","","integration.tests.SystemEngineDatabaseMetaDataTest","integration.tests.SystemEngineDatabaseMetaDataTest","getTables"
"","747","shouldInsertRecordsUsingDifferentNumericTypes(String, CheckedVoidTriFunction, CheckedBiFunction) getObject(Long.class)","","Wed Nov 05 16:58:04 UTC 2025","passed","Wed Nov 05 16:58:05 UTC 2025","","integration.tests.PreparedStatementTest","integration.tests.PreparedStatementTest","shouldInsertRecordsUsingDifferentNumericTypes"
"","89","getSchemasInformationSchema(String, String, String) [11] wrong_catalog, null, null","","Wed Nov 05 16:59:35 UTC 2025","passed","Wed Nov 05 16:59:35 UTC 2025","","integration.tests.SystemEngineDatabaseMetaDataTest","integration.tests.SystemEngineDatabaseMetaDataTest","getSchemasInformationSchema"
"","2633","useDatabase(String) [2] DATABASE","","Wed Nov 05 17:00:59 UTC 2025","passed","Wed Nov 05 17:01:02 UTC 2025","","integration.tests.SystemEngineTest","integration.tests.SystemEngineTest","useDatabase"
"","2219","executeCancelServerSideAsyncQueryTest()","","Wed Nov 05 16:54:59 UTC 2025","passed","Wed Nov 05 16:55:02 UTC 2025","","integration.tests.AsyncQueryTest","integration.tests.AsyncQueryTest","executeCancelServerSideAsyncQueryTest"
"","89","getTables(String, String, String, String, String, String) [27] {database}, information_schema, %in%, VIEW, engines, tables","","Wed Nov 05 16:59:37 UTC 2025","passed","Wed Nov 05 16:59:37 UTC 2025","","integration.tests.SystemEngineDatabaseMetaDataTest","integration.tests.SystemEngineDatabaseMetaDataTest","getTables"
"","1107","shouldInsertAndSelectGeography()","","Wed Nov 05 16:58:06 UTC 2025","passed","Wed Nov 05 16:58:07 UTC 2025","","integration.tests.PreparedStatementTest","integration.tests.PreparedStatementTest","shouldInsertAndSelectGeography"
"","120","getColumns(String, String, String, String, String, String) [9] {database}, %schema, null, null, information_schema.columns.column_name, null","","Wed Nov 05 16:59:39 UTC 2025","passed","Wed Nov 05 16:59:39 UTC 2025","","integration.tests.SystemEngineDatabaseMetaDataTest","integration.tests.SystemEngineDatabaseMetaDataTest","getColumns"
"","139","nanRealSystemEngine(String) [1] select 'nan'::real","","Wed Nov 05 16:58:13 UTC 2025","passed","Wed Nov 05 16:58:13 UTC 2025","","integration.tests.SpecialValuesTest","integration.tests.SpecialValuesTest","nanRealSystemEngine"
"","126","connectToNotExistingDbV2(EngineType) CUSTOM_ENGINE","","Wed Nov 05 16:56:49 UTC 2025","passed","Wed Nov 05 16:56:49 UTC 2025","","integration.tests.ConnectionTest","integration.tests.ConnectionTest","connectToNotExistingDbV2"
"","10871","canSetQueryLabelMultipleTimes()","","Wed Nov 05 16:59:05 UTC 2025","passed","Wed Nov 05 16:59:16 UTC 2025","","integration.tests.StatementTest","integration.tests.StatementTest","canSetQueryLabelMultipleTimes"
"","89","getTables(String, String, String, String, String, String) [16] {database}, null, %in%, null, engines, tables","","Wed Nov 05 16:59:36 UTC 2025","passed","Wed Nov 05 16:59:36 UTC 2025","","integration.tests.SystemEngineDatabaseMetaDataTest","integration.tests.SystemEngineDatabaseMetaDataTest","getTables"
"","92","getTables(String, String, String, String, String, String) [1] null, null, null, null, tables, null","","Wed Nov 05 16:59:35 UTC 2025","passed","Wed Nov 05 16:59:35 UTC 2025","","integration.tests.SystemEngineDatabaseMetaDataTest","integration.tests.SystemEngineDatabaseMetaDataTest","getTables"
"","743","integerAndStringValues(PreparedStatementValueSetter) set OBJECT","","Wed Nov 05 16:57:26 UTC 2025","passed","Wed Nov 05 16:57:27 UTC 2025","","integration.tests.PreparedStatementArrayTest","integration.tests.PreparedStatementArrayTest","integerAndStringValues"
"","1954","executeCancelServerSideAsyncQueryAfterQueryHasFinishedTest()","","Wed Nov 05 16:55:08 UTC 2025","passed","Wed Nov 05 16:55:10 UTC 2025","","integration.tests.AsyncQueryTest","integration.tests.AsyncQueryTest","executeCancelServerSideAsyncQueryAfterQueryHasFinishedTest"
"","10267","successfulConnectWithoutStartingTheEngine()","","Wed Nov 05 16:57:03 UTC 2025","passed","Wed Nov 05 16:57:14 UTC 2025","","integration.tests.ConnectionTest","integration.tests.ConnectionTest","successfulConnectWithoutStartingTheEngine"
"","443","empty(String) query:     ;","","Wed Nov 05 16:59:00 UTC 2025","passed","Wed Nov 05 16:59:00 UTC 2025","","integration.tests.StatementTest","integration.tests.StatementTest","empty"
"","456","maxFieldSize(int) [3] 5","","Wed Nov 05 16:58:55 UTC 2025","passed","Wed Nov 05 16:58:56 UTC 2025","","integration.tests.StatementTest","integration.tests.StatementTest","maxFieldSize"
"","122","getColumns(String, String, String, String, String, String) [2] null, information_schema, null, null, information_schema.columns.column_name, null","","Wed Nov 05 16:59:38 UTC 2025","passed","Wed Nov 05 16:59:38 UTC 2025","","integration.tests.SystemEngineDatabaseMetaDataTest","integration.tests.SystemEngineDatabaseMetaDataTest","getColumns"
"","132","successfulConnect(boolean, boolean) V2 using db:true engine:true","","Wed Nov 05 16:56:52 UTC 2025","passed","Wed Nov 05 16:56:53 UTC 2025","","integration.tests.ConnectionTest","integration.tests.ConnectionTest","successfulConnect"
"","85","getColumns(String, String, String, String, String, String) [33] null, null, null, does-not-exist, null, information_schema.columns.column_name","","Wed Nov 05 16:59:41 UTC 2025","passed","Wed Nov 05 16:59:41 UTC 2025","","integration.tests.SystemEngineDatabaseMetaDataTest","integration.tests.SystemEngineDatabaseMetaDataTest","getColumns"
"","1086","willFailToSetTheBooleanValue()","","Wed Nov 05 17:09:36 UTC 2025","passed","Wed Nov 05 17:09:37 UTC 2025","","integration.tests.datatype.BooleanTest","integration.tests.datatype.BooleanTest","willFailToSetTheBooleanValue"
"","88","getTables(String, String, String, String, String, String) [10] null, public, null, TABLE, integration_test, tables;columns;views","","Wed Nov 05 16:57:15 UTC 2025","passed","Wed Nov 05 16:57:15 UTC 2025","","integration.tests.DatabaseMetaDataTest","integration.tests.DatabaseMetaDataTest","getTables"
"","796","shouldRollbackTransactionSuccessfully()","","Wed Nov 05 17:09:23 UTC 2025","passed","Wed Nov 05 17:09:24 UTC 2025","","integration.tests.TransactionTest","integration.tests.TransactionTest","shouldRollbackTransactionSuccessfully"
"","0","readOnly()","","Wed Nov 05 16:59:34 UTC 2025","passed","Wed Nov 05 16:59:34 UTC 2025","","integration.tests.SystemEngineDatabaseMetaDataTest","integration.tests.SystemEngineDatabaseMetaDataTest","readOnly"
"","450","mixedCaseSelect(String, String) [2] select 1 as ""lower"", 2 as ""UPPER"", 3 AS ""MiXeD"", lower,UPPER,MiXeD","","Wed Nov 05 16:59:17 UTC 2025","passed","Wed Nov 05 16:59:17 UTC 2025","","integration.tests.StatementTest","integration.tests.StatementTest","mixedCaseSelect"
"","1080","shouldInsertAndSelectGeography()","","Wed Nov 05 16:57:44 UTC 2025","passed","Wed Nov 05 16:57:46 UTC 2025","","integration.tests.PreparedStatementFbNumericTest","integration.tests.PreparedStatementFbNumericTest","shouldInsertAndSelectGeography"
"","87","getTables(String, String, String, String, String, String) [12] null, information_schema, %in%, null, engines, tables","","Wed Nov 05 16:59:36 UTC 2025","passed","Wed Nov 05 16:59:36 UTC 2025","","integration.tests.SystemEngineDatabaseMetaDataTest","integration.tests.SystemEngineDatabaseMetaDataTest","getTables"
"","120","shouldThrowExceptionWhenCommitingWithNoTransaction()","","Wed Nov 05 17:09:28 UTC 2025","passed","Wed Nov 05 17:09:28 UTC 2025","","integration.tests.TransactionTest","integration.tests.TransactionTest","shouldThrowExceptionWhenCommitingWithNoTransaction"
"","289","shouldUseTLS()","","Wed Nov 05 17:09:33 UTC 2025","passed","Wed Nov 05 17:09:33 UTC 2025","","integration.tests.client.TLSTest","integration.tests.client.TLSTest","shouldUseTLS"
"","774","shouldFetchTimestampAndDate(Object, Object, boolean) [3] 2019-07-31T11:15:13, 2019-07-31, false","","Wed Nov 05 16:57:56 UTC 2025","passed","Wed Nov 05 16:57:57 UTC 2025","","integration.tests.PreparedStatementTest","integration.tests.PreparedStatementTest","shouldFetchTimestampAndDate"
"","463","empty(String) query:/* {""app"": ""dbt"", ""dbt_version"": ""0.20.0"", ""profile_name"": ""jaffle_shop"", ""target_name"": ""fb_app"", ""connection_name"": ""macro_stage_external_sources""} */;","","Wed Nov 05 16:59:01 UTC 2025","passed","Wed Nov 05 16:59:01 UTC 2025","","integration.tests.StatementTest","integration.tests.StatementTest","empty"
"","471","caseInsensitiveGetter()","","Wed Nov 05 16:58:51 UTC 2025","passed","Wed Nov 05 16:58:52 UTC 2025","","integration.tests.StatementTest","integration.tests.StatementTest","caseInsensitiveGetter"
"","31040","shouldCancelQueryV2()","","Wed Nov 05 16:58:14 UTC 2025","passed","Wed Nov 05 16:58:45 UTC 2025","","integration.tests.StatementCancelTest","integration.tests.StatementCancelTest","shouldCancelQueryV2"
"","829","canUseTimestampParameterWithSqlType()","","Wed Nov 05 16:57:49 UTC 2025","passed","Wed Nov 05 16:57:50 UTC 2025","","integration.tests.PreparedStatementTest","integration.tests.PreparedStatementTest","canUseTimestampParameterWithSqlType"
"","5902","executeServerSideAsyncTest()","","Wed Nov 05 16:55:02 UTC 2025","passed","Wed Nov 05 16:55:08 UTC 2025","","integration.tests.AsyncQueryTest","integration.tests.AsyncQueryTest","executeServerSideAsyncTest"
"","705","shouldInsertRecordsUsingDifferentNumericTypes(String, CheckedVoidTriFunction, CheckedBiFunction) int","","Wed Nov 05 16:58:02 UTC 2025","passed","Wed Nov 05 16:58:03 UTC 2025","","integration.tests.PreparedStatementTest","integration.tests.PreparedStatementTest","shouldInsertRecordsUsingDifferentNumericTypes"
"","146","infDoubleUserEngine(String) [1] select 'inf'::double","","Wed Nov 05 16:58:13 UTC 2025","passed","Wed Nov 05 16:58:13 UTC 2025","","integration.tests.SpecialValuesTest","integration.tests.SpecialValuesTest","infDoubleUserEngine"
"","1385","shouldRollbackTableCreationAndDataInsertion()","","Wed Nov 05 17:09:27 UTC 2025","passed","Wed Nov 05 17:09:28 UTC 2025","","integration.tests.TransactionTest","integration.tests.TransactionTest","shouldRollbackTableCreationAndDataInsertion"
"","727","shouldInsertAndSelectDateTime()","","Wed Nov 05 16:57:36 UTC 2025","passed","Wed Nov 05 16:57:37 UTC 2025","","integration.tests.PreparedStatementFbNumericTest","integration.tests.PreparedStatementFbNumericTest","shouldInsertAndSelectDateTime"
"","83","minusInfFloatAsDoubleSystemEngine(String) [1] select '-inf'::float","","Wed Nov 05 16:58:12 UTC 2025","passed","Wed Nov 05 16:58:12 UTC 2025","","integration.tests.SpecialValuesTest","integration.tests.SpecialValuesTest","minusInfFloatAsDoubleSystemEngine"
"","82","shouldSelect1()","","Wed Nov 05 17:03:02 UTC 2025","passed","Wed Nov 05 17:03:02 UTC 2025","","integration.tests.SystemEngineTest","integration.tests.SystemEngineTest","shouldSelect1"
"","2405","shouldInsertAndSelectComplexStruct()","","Wed Nov 05 16:57:38 UTC 2025","passed","Wed Nov 05 16:57:41 UTC 2025","","integration.tests.PreparedStatementFbNumericTest","integration.tests.PreparedStatementFbNumericTest","shouldInsertAndSelectComplexStruct"
"","691","shouldFailSQLInjectionAttempt()","","Wed Nov 05 16:57:33 UTC 2025","passed","Wed Nov 05 16:57:33 UTC 2025","","integration.tests.PreparedStatementFbNumericTest","integration.tests.PreparedStatementFbNumericTest","shouldFailSQLInjectionAttempt"
"","488","shouldThrowExceptionWhenTryingToReuseStatementClosedOnCompletion()","","Wed Nov 05 16:58:48 UTC 2025","passed","Wed Nov 05 16:58:48 UTC 2025","","integration.tests.StatementTest","integration.tests.StatementTest","shouldThrowExceptionWhenTryingToReuseStatementClosedOnCompletion"
"","173","shouldReturnTimestampFromTimestampTzWithTzWithHoursAndMinutesAndSecondsWhenUsingTime_ZoneSetting()","","Wed Nov 05 17:09:10 UTC 2025","passed","Wed Nov 05 17:09:10 UTC 2025","","integration.tests.TimestampTest","integration.tests.TimestampTest","shouldReturnTimestampFromTimestampTzWithTzWithHoursAndMinutesAndSecondsWhenUsingTime_ZoneSetting"
"","91","getTables(String, String, String, String, String, String) [1] null, null, null, null, tables;views;integration_test, null","","Wed Nov 05 16:57:14 UTC 2025","passed","Wed Nov 05 16:57:14 UTC 2025","","integration.tests.DatabaseMetaDataTest","integration.tests.DatabaseMetaDataTest","getTables"
"","824","shouldFetchTimestampWithTimezone()","","Wed Nov 05 16:58:09 UTC 2025","passed","Wed Nov 05 16:58:10 UTC 2025","","integration.tests.PreparedStatementTest","integration.tests.PreparedStatementTest","shouldFetchTimestampWithTimezone"
"","0","connectToWrongDbNotAttachedToEngine()","","Wed Nov 05 16:56:52 UTC 2025","skipped","Wed Nov 05 16:56:52 UTC 2025","","integration.tests.ConnectionTest","integration.tests.ConnectionTest","connectToWrongDbNotAttachedToEngine"
"","125","getColumns(String, String, String, String, String, String) [6] {database}, null, null, null, information_schema.columns.column_name, null","","Wed Nov 05 16:59:39 UTC 2025","passed","Wed Nov 05 16:59:39 UTC 2025","","integration.tests.SystemEngineDatabaseMetaDataTest","integration.tests.SystemEngineDatabaseMetaDataTest","getColumns"
"","69424","useEngineMixedCase()","","Wed Nov 05 16:59:43 UTC 2025","passed","Wed Nov 05 17:00:52 UTC 2025","","integration.tests.SystemEngineTest","integration.tests.SystemEngineTest","useEngineMixedCase"
"","88","getSchemasInformationSchema(String, String, String) [9] {database}, %schema, information_schema","","Wed Nov 05 16:59:35 UTC 2025","passed","Wed Nov 05 16:59:35 UTC 2025","","integration.tests.SystemEngineDatabaseMetaDataTest","integration.tests.SystemEngineDatabaseMetaDataTest","getSchemasInformationSchema"
"","576","canDetectFileCacheCreationTime()","","Wed Nov 05 16:56:20 UTC 2025","passed","Wed Nov 05 16:56:20 UTC 2025","","integration.tests.CachedConnectionTest","integration.tests.CachedConnectionTest","canDetectFileCacheCreationTime"
"","96","getColumns(String, String, String, String, String, String) [14] null, %schema, %in%, null, information_schema.engines.engine_name, information_schema.tables.table_name","","Wed Nov 05 16:59:40 UTC 2025","passed","Wed Nov 05 16:59:40 UTC 2025","","integration.tests.SystemEngineDatabaseMetaDataTest","integration.tests.SystemEngineDatabaseMetaDataTest","getColumns"
"","90","getTables(String, String, String, String, String, String) [19] {database}, %schema, %in%, null, engines, tables","","Wed Nov 05 16:59:37 UTC 2025","passed","Wed Nov 05 16:59:37 UTC 2025","","integration.tests.SystemEngineDatabaseMetaDataTest","integration.tests.SystemEngineDatabaseMetaDataTest","getTables"
"","89","getTables(String, String, String, String, String, String) [25] null, %form%, %in%, VIEW, engines, tables","","Wed Nov 05 16:59:37 UTC 2025","passed","Wed Nov 05 16:59:37 UTC 2025","","integration.tests.SystemEngineDatabaseMetaDataTest","integration.tests.SystemEngineDatabaseMetaDataTest","getTables"
"","468","failedSettingPropertyThatRequiresAdvancedModeThatWasNotSet()","","Wed Nov 05 16:58:58 UTC 2025","passed","Wed Nov 05 16:58:59 UTC 2025","","integration.tests.StatementTest","integration.tests.StatementTest","failedSettingPropertyThatRequiresAdvancedModeThatWasNotSet"
"","81","nanDoubleUserEngine(String) [1] select 'nan'::double","","Wed Nov 05 16:58:11 UTC 2025","passed","Wed Nov 05 16:58:12 UTC 2025","","integration.tests.SpecialValuesTest","integration.tests.SpecialValuesTest","nanDoubleUserEngine"
"","84","shouldHaveCorrectInfo()","","Wed Nov 05 16:57:21 UTC 2025","passed","Wed Nov 05 16:57:21 UTC 2025","","integration.tests.NumericTypesTest","integration.tests.NumericTypesTest","shouldHaveCorrectInfo"
"","822","shouldFetchTimestampAndDate(Object, Object, boolean) [1] 2019-07-31T11:15:13, 2019-07-31, true","","Wed Nov 05 16:57:55 UTC 2025","passed","Wed Nov 05 16:57:55 UTC 2025","","integration.tests.PreparedStatementTest","integration.tests.PreparedStatementTest","shouldFetchTimestampAndDate"
"","91","getTables(String, String, String, String, String, String) [30] {database}, %form%, %in%, VIEW, engines, tables","","Wed Nov 05 16:59:38 UTC 2025","passed","Wed Nov 05 16:59:38 UTC 2025","","integration.tests.SystemEngineDatabaseMetaDataTest","integration.tests.SystemEngineDatabaseMetaDataTest","getTables"
"","787","shouldFetchTimestampAndDate(Object, Object, boolean) [2] 2019-07-31 11:15:13.0, 2019-07-31, true","","Wed Nov 05 16:57:55 UTC 2025","passed","Wed Nov 05 16:57:56 UTC 2025","","integration.tests.PreparedStatementTest","integration.tests.PreparedStatementTest","shouldFetchTimestampAndDate"
"","755","shouldInsertRecordsUsingDifferentNumericTypes(String, CheckedVoidTriFunction, CheckedBiFunction) short","","Wed Nov 05 16:58:02 UTC 2025","passed","Wed Nov 05 16:58:02 UTC 2025","","integration.tests.PreparedStatementTest","integration.tests.PreparedStatementTest","shouldInsertRecordsUsingDifferentNumericTypes"
"","522","failedSettingPropertyThatRequiresAdvancedModeThatWasUnset()","","Wed Nov 05 16:58:53 UTC 2025","passed","Wed Nov 05 16:58:53 UTC 2025","","integration.tests.StatementTest","integration.tests.StatementTest","failedSettingPropertyThatRequiresAdvancedModeThatWasUnset"
"","628","shouldFailToSelectFromCustomDbUsingSystemEngine()","","Wed Nov 05 17:02:33 UTC 2025","passed","Wed Nov 05 17:02:34 UTC 2025","","integration.tests.SystemEngineTest","integration.tests.SystemEngineTest","shouldFailToSelectFromCustomDbUsingSystemEngine"
"","84","successfulConnect(boolean, boolean) V2 using db:false engine:true","","Wed Nov 05 16:56:52 UTC 2025","passed","Wed Nov 05 16:56:52 UTC 2025","","integration.tests.ConnectionTest","integration.tests.ConnectionTest","successfulConnect"
"","89","getSchemasInformationSchema(String, String, String) [4] null, %schema, information_schema","","Wed Nov 05 16:59:34 UTC 2025","passed","Wed Nov 05 16:59:34 UTC 2025","","integration.tests.SystemEngineDatabaseMetaDataTest","integration.tests.SystemEngineDatabaseMetaDataTest","getSchemasInformationSchema"
"","89","getSchemasInformationSchema(String, String, String) [12] wrong_catalog, %form%, null","","Wed Nov 05 16:59:35 UTC 2025","passed","Wed Nov 05 16:59:35 UTC 2025","","integration.tests.SystemEngineDatabaseMetaDataTest","integration.tests.SystemEngineDatabaseMetaDataTest","getSchemasInformationSchema"
"","456","nullSortOrder()","","Wed Nov 05 16:59:30 UTC 2025","passed","Wed Nov 05 16:59:30 UTC 2025","","integration.tests.StatementTest","integration.tests.StatementTest","nullSortOrder"
"","8","shouldSendRequestWithUserAgentHeaderContainingDriverAndClientInfo()","","Wed Nov 05 17:09:33 UTC 2025","passed","Wed Nov 05 17:09:33 UTC 2025","","integration.tests.client.UsageTrackingTest","integration.tests.client.UsageTrackingTest","shouldSendRequestWithUserAgentHeaderContainingDriverAndClientInfo"
"","107","getSchemasInformationSchema(String, String, String) [2] null, information_schema, information_schema","","Wed Nov 05 16:59:34 UTC 2025","passed","Wed Nov 05 16:59:34 UTC 2025","","integration.tests.SystemEngineDatabaseMetaDataTest","integration.tests.SystemEngineDatabaseMetaDataTest","getSchemasInformationSchema"
"","87","getColumns(String, String, String, String, String, String) [21] null, null, %in%, created, information_schema.engines.created, information_schema.engines.engine_name","","Wed Nov 05 16:59:40 UTC 2025","passed","Wed Nov 05 16:59:40 UTC 2025","","integration.tests.SystemEngineDatabaseMetaDataTest","integration.tests.SystemEngineDatabaseMetaDataTest","getColumns"
"","87","getColumns(String, String, String, String, String, String) [22] null, information_schema, %in%, last_altered, information_schema.engines.last_altered, information_schema.engines.engine_name","","Wed Nov 05 16:59:40 UTC 2025","passed","Wed Nov 05 16:59:41 UTC 2025","","integration.tests.SystemEngineDatabaseMetaDataTest","integration.tests.SystemEngineDatabaseMetaDataTest","getColumns"
"","945","shouldInsertAndSelectStreams()","","Wed Nov 05 16:57:58 UTC 2025","passed","Wed Nov 05 16:57:59 UTC 2025","","integration.tests.PreparedStatementTest","integration.tests.PreparedStatementTest","shouldInsertAndSelectStreams"
"","1139","shouldNotCommitOnSetStatement()","","Wed Nov 05 17:09:26 UTC 2025","passed","Wed Nov 05 17:09:27 UTC 2025","","integration.tests.TransactionTest","integration.tests.TransactionTest","shouldNotCommitOnSetStatement"
"","141","shouldRemoveOffsetDIffWhenTimestampOffsetHasChanged()","","Wed Nov 05 17:09:09 UTC 2025","passed","Wed Nov 05 17:09:09 UTC 2025","","integration.tests.TimestampTest","integration.tests.TimestampTest","shouldRemoveOffsetDIffWhenTimestampOffsetHasChanged"
"","88","getColumns(String, String, String, String, String, String) [24] null, %schema, %in%, table_name, information_schema.indexes.table_name, information_schema.indexes.table_type","","Wed Nov 05 16:59:41 UTC 2025","passed","Wed Nov 05 16:59:41 UTC 2025","","integration.tests.SystemEngineDatabaseMetaDataTest","integration.tests.SystemEngineDatabaseMetaDataTest","getColumns"
"","87","getColumns(String, String, String, String, String, String) [27] {database}, information_schema, %ac%, account_id, information_schema.accounts.account_id, information_schema.accounts.region","","Wed Nov 05 16:59:41 UTC 2025","passed","Wed Nov 05 16:59:41 UTC 2025","","integration.tests.SystemEngineDatabaseMetaDataTest","integration.tests.SystemEngineDatabaseMetaDataTest","getColumns"
"","452","byteaArray()","","Wed Nov 05 16:57:27 UTC 2025","passed","Wed Nov 05 16:57:27 UTC 2025","","integration.tests.PreparedStatementArrayTest","integration.tests.PreparedStatementArrayTest","byteaArray"
"","199","connectToNotExistingDbV2(EngineType) SYSTEM_ENGINE","","Wed Nov 05 16:56:49 UTC 2025","passed","Wed Nov 05 16:56:49 UTC 2025","","integration.tests.ConnectionTest","integration.tests.ConnectionTest","connectToNotExistingDbV2"
"","452","setWrongParameterOnUserEngineForV2()","","Wed Nov 05 16:58:57 UTC 2025","passed","Wed Nov 05 16:58:57 UTC 2025","","integration.tests.StatementTest","integration.tests.StatementTest","setWrongParameterOnUserEngineForV2"
"","749","nullArrays(PreparedStatementValueSetter) set ARRAY","","Wed Nov 05 16:57:29 UTC 2025","passed","Wed Nov 05 16:57:30 UTC 2025","","integration.tests.PreparedStatementArrayTest","integration.tests.PreparedStatementArrayTest","nullArrays"
"","88","getTables(String, String, String, String, String, String) [11] null, public, null, TABLE;VIEW, integration_test, tables;columns;views","","Wed Nov 05 16:57:15 UTC 2025","passed","Wed Nov 05 16:57:15 UTC 2025","","integration.tests.DatabaseMetaDataTest","integration.tests.DatabaseMetaDataTest","getTables"
"","86","getTables(String, String, String, String, String, String) [33] null, null, null, TABLE, null, null","","Wed Nov 05 16:59:38 UTC 2025","passed","Wed Nov 05 16:59:38 UTC 2025","","integration.tests.SystemEngineDatabaseMetaDataTest","integration.tests.SystemEngineDatabaseMetaDataTest","getTables"
"","83","nanFloatAsDoubleSystemEngine(String) [1] select 'nan'::float","","Wed Nov 05 16:58:14 UTC 2025","passed","Wed Nov 05 16:58:14 UTC 2025","","integration.tests.SpecialValuesTest","integration.tests.SpecialValuesTest","nanFloatAsDoubleSystemEngine"
"","258","shouldReturnTimestampFromTimestamptz()","","Wed Nov 05 17:09:10 UTC 2025","passed","Wed Nov 05 17:09:10 UTC 2025","","integration.tests.TimestampTest","integration.tests.TimestampTest","shouldReturnTimestampFromTimestamptz"
"","444","shouldThrowExceptionWhenExecutingWrongQuery()","","Wed Nov 05 16:58:53 UTC 2025","passed","Wed Nov 05 16:58:53 UTC 2025","","integration.tests.StatementTest","integration.tests.StatementTest","shouldThrowExceptionWhenExecutingWrongQuery"
"","948","shouldInsertAndRetrieveUrl()","","Wed Nov 05 16:57:50 UTC 2025","passed","Wed Nov 05 16:57:51 UTC 2025","","integration.tests.PreparedStatementTest","integration.tests.PreparedStatementTest","shouldInsertAndRetrieveUrl"
"","97","shouldReturnTable()","","Wed Nov 05 16:57:14 UTC 2025","passed","Wed Nov 05 16:57:14 UTC 2025","","integration.tests.DatabaseMetaDataTest","integration.tests.DatabaseMetaDataTest","shouldReturnTable"
"","480","shouldFetchBoolean()","","Wed Nov 05 16:57:52 UTC 2025","passed","Wed Nov 05 16:57:52 UTC 2025","","integration.tests.PreparedStatementTest","integration.tests.PreparedStatementTest","shouldFetchBoolean"
"","89","getTables(String, String, String, String, String, String) [8] null, public, null, null, integration_test, tables;columns;views","","Wed Nov 05 16:57:15 UTC 2025","passed","Wed Nov 05 16:57:15 UTC 2025","","integration.tests.DatabaseMetaDataTest","integration.tests.DatabaseMetaDataTest","getTables"
"","467","empty(String) query:-- SELECT 1;","","Wed Nov 05 16:59:00 UTC 2025","passed","Wed Nov 05 16:59:01 UTC 2025","","integration.tests.StatementTest","integration.tests.StatementTest","empty"
"","703","integerAndStringWithNullValues(PreparedStatementValueSetter) set OBJECT","","Wed Nov 05 16:57:25 UTC 2025","passed","Wed Nov 05 16:57:26 UTC 2025","","integration.tests.PreparedStatementArrayTest","integration.tests.PreparedStatementArrayTest","integerAndStringWithNullValues"
"","20860","createTwoConnections()","","Wed Nov 05 16:56:20 UTC 2025","passed","Wed Nov 05 16:56:41 UTC 2025","","integration.tests.CachedConnectionTest","integration.tests.CachedConnectionTest","createTwoConnections"
"","462","shouldSetParametersWithRepeatingValues()","","Wed Nov 05 16:57:33 UTC 2025","passed","Wed Nov 05 16:57:34 UTC 2025","","integration.tests.PreparedStatementFbNumericTest","integration.tests.PreparedStatementFbNumericTest","shouldSetParametersWithRepeatingValues"
"","517","shouldSelect1WithQueryTimeout()","","Wed Nov 05 16:58:59 UTC 2025","passed","Wed Nov 05 16:58:59 UTC 2025","","integration.tests.StatementTest","integration.tests.StatementTest","shouldSelect1WithQueryTimeout"
"","87","getTables(String, String, String, String, String, String) [26] {database}, null, %in%, VIEW, engines, tables","","Wed Nov 05 16:59:37 UTC 2025","passed","Wed Nov 05 16:59:37 UTC 2025","","integration.tests.SystemEngineDatabaseMetaDataTest","integration.tests.SystemEngineDatabaseMetaDataTest","getTables"
"","90","getTables(String, String, String, String, String, String) [12] null, public, null, VIEW, null, tables;columns;views","","Wed Nov 05 16:57:15 UTC 2025","passed","Wed Nov 05 16:57:15 UTC 2025","","integration.tests.DatabaseMetaDataTest","integration.tests.DatabaseMetaDataTest","getTables"
"","469","shouldGetBooleans()","","Wed Nov 05 16:59:01 UTC 2025","passed","Wed Nov 05 16:59:02 UTC 2025","","integration.tests.StatementTest","integration.tests.StatementTest","shouldGetBooleans"
"","103","getColumns(String, String, String, String, String, String) [11] null, null, %in%, null, information_schema.engines.engine_name, information_schema.tables.table_name","","Wed Nov 05 16:59:39 UTC 2025","passed","Wed Nov 05 16:59:39 UTC 2025","","integration.tests.SystemEngineDatabaseMetaDataTest","integration.tests.SystemEngineDatabaseMetaDataTest","getColumns"
"","2211","shouldParallelTransactions()","","Wed Nov 05 17:09:24 UTC 2025","passed","Wed Nov 05 17:09:26 UTC 2025","","integration.tests.TransactionTest","integration.tests.TransactionTest","shouldParallelTransactions"
"","83","nanFloatAsDoubleUserEngine(String) [3] select '-nan'::float","","Wed Nov 05 16:58:13 UTC 2025","passed","Wed Nov 05 16:58:13 UTC 2025","","integration.tests.SpecialValuesTest","integration.tests.SpecialValuesTest","nanFloatAsDoubleUserEngine"
"","100","getColumns(String, String, String, String, String, String) [12] null, information_schema, %in%, null, information_schema.engines.engine_name, information_schema.tables.table_name","","Wed Nov 05 16:59:39 UTC 2025","passed","Wed Nov 05 16:59:40 UTC 2025","","integration.tests.SystemEngineDatabaseMetaDataTest","integration.tests.SystemEngineDatabaseMetaDataTest","getColumns"
"","904","mixedCaseTable(String, String, String, String) [2] CREATE FACT TABLE ""Case_Test"" (x long), Case_Test, case_test, ""Case_Test""","","Wed Nov 05 16:59:31 UTC 2025","passed","Wed Nov 05 16:59:32 UTC 2025","","integration.tests.StatementTest","integration.tests.StatementTest","mixedCaseTable"
"","90","getTables(String, String, String, String, String, String) [10] {database}, %form%, null, null, tables, null","","Wed Nov 05 16:59:36 UTC 2025","passed","Wed Nov 05 16:59:36 UTC 2025","","integration.tests.SystemEngineDatabaseMetaDataTest","integration.tests.SystemEngineDatabaseMetaDataTest","getTables"
"","86","getTables(String, String, String, String, String, String) [34] wrong_catalog, %form%, %in%, VIEW, null, engines","","Wed Nov 05 16:59:38 UTC 2025","passed","Wed Nov 05 16:59:38 UTC 2025","","integration.tests.SystemEngineDatabaseMetaDataTest","integration.tests.SystemEngineDatabaseMetaDataTest","getTables"
"","89","getTables(String, String, String, String, String, String) [15] null, information_schema, null, VIEW, tables;columns, null","","Wed Nov 05 16:57:15 UTC 2025","passed","Wed Nov 05 16:57:16 UTC 2025","","integration.tests.DatabaseMetaDataTest","integration.tests.DatabaseMetaDataTest","getTables"
"","602","successfulSettingOfPropertyThatRequiresAdvancedModePreviouslySetAtRuntime()","","Wed Nov 05 16:58:52 UTC 2025","passed","Wed Nov 05 16:58:53 UTC 2025","","integration.tests.StatementTest","integration.tests.StatementTest","successfulSettingOfPropertyThatRequiresAdvancedModePreviouslySetAtRuntime"
"","707","shouldInsertRecordsUsingDifferentNumericTypes(String, CheckedVoidTriFunction, CheckedBiFunction) short","","Wed Nov 05 16:57:41 UTC 2025","passed","Wed Nov 05 16:57:42 UTC 2025","","integration.tests.PreparedStatementFbNumericTest","integration.tests.PreparedStatementFbNumericTest","shouldInsertRecordsUsingDifferentNumericTypes"
"","84","nanDoubleSystemEngine(String) [2] select '+nan'::double","","Wed Nov 05 16:58:14 UTC 2025","passed","Wed Nov 05 16:58:14 UTC 2025","","integration.tests.SpecialValuesTest","integration.tests.SpecialValuesTest","nanDoubleSystemEngine"
"","66080","useEngineMixedCaseToLowerCase()","","Wed Nov 05 17:01:27 UTC 2025","passed","Wed Nov 05 17:02:33 UTC 2025","","integration.tests.SystemEngineTest","integration.tests.SystemEngineTest","useEngineMixedCaseToLowerCase"
"","82","nanRealUserEngine(String) [1] select 'nan'::real","","Wed Nov 05 16:58:12 UTC 2025","passed","Wed Nov 05 16:58:12 UTC 2025","","integration.tests.SpecialValuesTest","integration.tests.SpecialValuesTest","nanRealUserEngine"
"","84","infFloatAsDoubleSystemEngine(String) [1] select 'inf'::float","","Wed Nov 05 16:58:11 UTC 2025","passed","Wed Nov 05 16:58:11 UTC 2025","","integration.tests.SpecialValuesTest","integration.tests.SpecialValuesTest","infFloatAsDoubleSystemEngine"
"","88","getColumns(String, String, String, String, String, String) [28] {database}, information%, %in%, engine_name, information_schema.engines.engine_name, information_schema.engines.description","","Wed Nov 05 16:59:41 UTC 2025","passed","Wed Nov 05 16:59:41 UTC 2025","","integration.tests.SystemEngineDatabaseMetaDataTest","integration.tests.SystemEngineDatabaseMetaDataTest","getColumns"
"","493","shouldFetchSpecialCharacters()","","Wed Nov 05 16:57:38 UTC 2025","passed","Wed Nov 05 16:57:38 UTC 2025","","integration.tests.PreparedStatementFbNumericTest","integration.tests.PreparedStatementFbNumericTest","shouldFetchSpecialCharacters"
"","459","failingQuery(String) [1] SELECT CONVERT(varchar, 3.14)","","Wed Nov 05 16:59:29 UTC 2025","passed","Wed Nov 05 16:59:29 UTC 2025","","integration.tests.StatementTest","integration.tests.StatementTest","failingQuery"
"","84","minusInfRealSystemEngine(String) [1] select '-inf'::real","","Wed Nov 05 16:58:14 UTC 2025","passed","Wed Nov 05 16:58:14 UTC 2025","","integration.tests.SpecialValuesTest","integration.tests.SpecialValuesTest","minusInfRealSystemEngine"
"","82","infFloatAsDoubleUserEngine(String) [2] select '+inf'::float","","Wed Nov 05 16:58:12 UTC 2025","passed","Wed Nov 05 16:58:12 UTC 2025","","integration.tests.SpecialValuesTest","integration.tests.SpecialValuesTest","infFloatAsDoubleUserEngine"
"","82","infRealUserEngine(String) [2] select '+inf'::real","","Wed Nov 05 16:58:12 UTC 2025","passed","Wed Nov 05 16:58:12 UTC 2025","","integration.tests.SpecialValuesTest","integration.tests.SpecialValuesTest","infRealUserEngine"
"","81","infDoubleUserEngine(String) [2] select '+inf'::double","","Wed Nov 05 16:58:13 UTC 2025","passed","Wed Nov 05 16:58:13 UTC 2025","","integration.tests.SpecialValuesTest","integration.tests.SpecialValuesTest","infDoubleUserEngine"
"","81","nanFloatAsDoubleUserEngine(String) [2] select '+nan'::float","","Wed Nov 05 16:58:13 UTC 2025","passed","Wed Nov 05 16:58:13 UTC 2025","","integration.tests.SpecialValuesTest","integration.tests.SpecialValuesTest","nanFloatAsDoubleUserEngine"
"","121","getSchemas()","","Wed Nov 05 16:59:34 UTC 2025","passed","Wed Nov 05 16:59:34 UTC 2025","","integration.tests.SystemEngineDatabaseMetaDataTest","integration.tests.SystemEngineDatabaseMetaDataTest","getSchemas"
"","88","getTables(String, String, String, String, String, String) [14] null, information_schema, null, TABLE;VIEW, tables;columns, integration_test","","Wed Nov 05 16:57:15 UTC 2025","passed","Wed Nov 05 16:57:15 UTC 2025","","integration.tests.DatabaseMetaDataTest","integration.tests.DatabaseMetaDataTest","getTables"
"","27607","shouldExecuteEngineManagementQueries()","","Wed Nov 05 17:02:34 UTC 2025","passed","Wed Nov 05 17:03:02 UTC 2025","","integration.tests.SystemEngineTest","integration.tests.SystemEngineTest","shouldExecuteEngineManagementQueries"
"","4","getMetadata()","","Wed Nov 05 16:57:16 UTC 2025","passed","Wed Nov 05 16:57:16 UTC 2025","","integration.tests.DatabaseMetaDataTest","integration.tests.DatabaseMetaDataTest","getMetadata"
"","126","nanRealSystemEngine(String) [3] select '-nan'::real","","Wed Nov 05 16:58:13 UTC 2025","passed","Wed Nov 05 16:58:13 UTC 2025","","integration.tests.SpecialValuesTest","integration.tests.SpecialValuesTest","nanRealSystemEngine"
"","757","emptyIntegerAndStringValues(PreparedStatementValueSetter) set ARRAY","","Wed Nov 05 16:57:23 UTC 2025","passed","Wed Nov 05 16:57:23 UTC 2025","","integration.tests.PreparedStatementArrayTest","integration.tests.PreparedStatementArrayTest","emptyIntegerAndStringValues"
"","801","emptyIntAndStringValues(PreparedStatementValueSetter) set OBJECT","","Wed Nov 05 16:57:28 UTC 2025","passed","Wed Nov 05 16:57:29 UTC 2025","","integration.tests.PreparedStatementArrayTest","integration.tests.PreparedStatementArrayTest","emptyIntAndStringValues"
"","81","minusInfRealUserEngine(String) [1] select '-inf'::real","","Wed Nov 05 16:58:13 UTC 2025","passed","Wed Nov 05 16:58:13 UTC 2025","","integration.tests.SpecialValuesTest","integration.tests.SpecialValuesTest","minusInfRealUserEngine"
"","2471","canUsePreparedStatementsToInsertFalseValueInBooleanColumn()","","Wed Nov 05 17:09:33 UTC 2025","passed","Wed Nov 05 17:09:36 UTC 2025","","integration.tests.datatype.BooleanTest","integration.tests.datatype.BooleanTest","canUsePreparedStatementsToInsertFalseValueInBooleanColumn"
"","91","getTables(String, String, String, String, String, String) [11] null, null, %in%, null, engines, tables","","Wed Nov 05 16:59:36 UTC 2025","passed","Wed Nov 05 16:59:36 UTC 2025","","integration.tests.SystemEngineDatabaseMetaDataTest","integration.tests.SystemEngineDatabaseMetaDataTest","getTables"
"","726","emptyIntegerAndStringValues(PreparedStatementValueSetter) set OBJECT","","Wed Nov 05 16:57:23 UTC 2025","passed","Wed Nov 05 16:57:24 UTC 2025","","integration.tests.PreparedStatementArrayTest","integration.tests.PreparedStatementArrayTest","emptyIntegerAndStringValues"
"","1183","shouldReturnLimitedNumberOfLines()","","Wed Nov 05 16:58:50 UTC 2025","passed","Wed Nov 05 16:58:51 UTC 2025","","integration.tests.StatementTest","integration.tests.StatementTest","shouldReturnLimitedNumberOfLines"
"","2945","canUsePreparedStatementsToInsertTrueValueInBooleanColumn()","","Wed Nov 05 17:09:37 UTC 2025","passed","Wed Nov 05 17:09:40 UTC 2025","","integration.tests.datatype.BooleanTest","integration.tests.datatype.BooleanTest","canUsePreparedStatementsToInsertTrueValueInBooleanColumn"
"","82","infFloatAsDoubleUserEngine(String) [1] select 'inf'::float","","Wed Nov 05 16:58:12 UTC 2025","passed","Wed Nov 05 16:58:12 UTC 2025","","integration.tests.SpecialValuesTest","integration.tests.SpecialValuesTest","infFloatAsDoubleUserEngine"
"","121","getColumns(String, String, String, String, String, String) [7] {database}, information_schema, null, null, information_schema.columns.column_name, null","","Wed Nov 05 16:59:39 UTC 2025","passed","Wed Nov 05 16:59:39 UTC 2025","","integration.tests.SystemEngineDatabaseMetaDataTest","integration.tests.SystemEngineDatabaseMetaDataTest","getColumns"
"","87","getSchemasInformationSchema(String, String, String) [5] null, %form%, information_schema","","Wed Nov 05 16:59:34 UTC 2025","passed","Wed Nov 05 16:59:34 UTC 2025","","integration.tests.SystemEngineDatabaseMetaDataTest","integration.tests.SystemEngineDatabaseMetaDataTest","getSchemasInformationSchema"
"","104","getColumns(String, String, String, String, String, String) [18] {database}, information%, %in%, null, information_schema.engines.engine_name, information_schema.tables.table_name","","Wed Nov 05 16:59:40 UTC 2025","passed","Wed Nov 05 16:59:40 UTC 2025","","integration.tests.SystemEngineDatabaseMetaDataTest","integration.tests.SystemEngineDatabaseMetaDataTest","getColumns"
"","563","shouldNotCloseStatementWithCloseOnCompletionIfItHasMoreResults()","","Wed Nov 05 16:59:32 UTC 2025","passed","Wed Nov 05 16:59:33 UTC 2025","","integration.tests.StatementTest","integration.tests.StatementTest","shouldNotCloseStatementWithCloseOnCompletionIfItHasMoreResults"
"","127","shouldThrowExceptionWhenExecutingWrongQuery()","","Wed Nov 05 17:01:27 UTC 2025","passed","Wed Nov 05 17:01:27 UTC 2025","","integration.tests.SystemEngineTest","integration.tests.SystemEngineTest","shouldThrowExceptionWhenExecutingWrongQuery"
"","696","shouldInsertRecordsUsingDifferentNumericTypes(String, CheckedVoidTriFunction, CheckedBiFunction) long","","Wed Nov 05 16:57:43 UTC 2025","passed","Wed Nov 05 16:57:43 UTC 2025","","integration.tests.PreparedStatementFbNumericTest","integration.tests.PreparedStatementFbNumericTest","shouldInsertRecordsUsingDifferentNumericTypes"
"","119","getColumns(String, String, String, String, String, String) [3] null, information%, null, null, information_schema.columns.column_name, null","","Wed Nov 05 16:59:38 UTC 2025","passed","Wed Nov 05 16:59:38 UTC 2025","","integration.tests.SystemEngineDatabaseMetaDataTest","integration.tests.SystemEngineDatabaseMetaDataTest","getColumns"
"","676","shouldNotCommitTransactionWhenConnectionClosesOnAutoCommitFalse()","","Wed Nov 05 17:09:22 UTC 2025","passed","Wed Nov 05 17:09:23 UTC 2025","","integration.tests.TransactionTest","integration.tests.TransactionTest","shouldNotCommitTransactionWhenConnectionClosesOnAutoCommitFalse"
"","88","getTables(String, String, String, String, String, String) [13] null, information_schema, null, TABLE, null, integration_test","","Wed Nov 05 16:57:15 UTC 2025","passed","Wed Nov 05 16:57:15 UTC 2025","","integration.tests.DatabaseMetaDataTest","integration.tests.DatabaseMetaDataTest","getTables"
"","376","empty(String) query:;","","Wed Nov 05 16:58:59 UTC 2025","passed","Wed Nov 05 16:59:00 UTC 2025","","integration.tests.StatementTest","integration.tests.StatementTest","empty"
"","722","shouldFailSQLInjectionAttempt()","","Wed Nov 05 16:57:48 UTC 2025","passed","Wed Nov 05 16:57:49 UTC 2025","","integration.tests.PreparedStatementTest","integration.tests.PreparedStatementTest","shouldFailSQLInjectionAttempt"
"","89","getTables(String, String, String, String, String, String) [9] {database}, %schema, null, null, tables, null","","Wed Nov 05 16:59:36 UTC 2025","passed","Wed Nov 05 16:59:36 UTC 2025","","integration.tests.SystemEngineDatabaseMetaDataTest","integration.tests.SystemEngineDatabaseMetaDataTest","getTables"
"","89","getTables(String, String, String, String, String, String) [18] {database}, information%, %in%, null, engines, tables","","Wed Nov 05 16:59:37 UTC 2025","passed","Wed Nov 05 16:59:37 UTC 2025","","integration.tests.SystemEngineDatabaseMetaDataTest","integration.tests.SystemEngineDatabaseMetaDataTest","getTables"
"","92","getTables(String, String, String, String, String, String) [2] null, null, null, TABLE;VIEW, tables;views;integration_test, null","","Wed Nov 05 16:57:14 UTC 2025","passed","Wed Nov 05 16:57:14 UTC 2025","","integration.tests.DatabaseMetaDataTest","integration.tests.DatabaseMetaDataTest","getTables"
"","89","getColumns(String, String, String, String, String, String) [32] null, null, %in%, no-one, null, information_schema.columns.column_name","","Wed Nov 05 16:59:41 UTC 2025","passed","Wed Nov 05 16:59:41 UTC 2025","","integration.tests.SystemEngineDatabaseMetaDataTest","integration.tests.SystemEngineDatabaseMetaDataTest","getColumns"
"","965","shouldInsertRecordsInBatch()","","Wed Nov 05 16:57:46 UTC 2025","passed","Wed Nov 05 16:57:46 UTC 2025","","integration.tests.PreparedStatementFbNumericTest","integration.tests.PreparedStatementFbNumericTest","shouldInsertRecordsInBatch"
"","0","shouldFetchBooleanFromVariousObjects(Object, Object)","","Wed Nov 05 16:58:09 UTC 2025","skipped","Wed Nov 05 16:58:09 UTC 2025","","integration.tests.PreparedStatementTest","integration.tests.PreparedStatementTest","shouldFetchBooleanFromVariousObjects"
"","811","shouldFetchTimestampAndDate(Object, Object, boolean) [4] 2019-07-31 11:15:13.0, 2019-07-31, false","","Wed Nov 05 16:57:57 UTC 2025","passed","Wed Nov 05 16:57:58 UTC 2025","","integration.tests.PreparedStatementTest","integration.tests.PreparedStatementTest","shouldFetchTimestampAndDate"
"","88","shouldReturnTimestampFromTimestampntz()","","Wed Nov 05 17:09:12 UTC 2025","passed","Wed Nov 05 17:09:12 UTC 2025","","integration.tests.TimestampTest","integration.tests.TimestampTest","shouldReturnTimestampFromTimestampntz"
"","86","getTables(String, String, String, String, String, String) [31] null, null, null, VIEW;TABLE, engines, null","","Wed Nov 05 16:59:38 UTC 2025","passed","Wed Nov 05 16:59:38 UTC 2025","","integration.tests.SystemEngineDatabaseMetaDataTest","integration.tests.SystemEngineDatabaseMetaDataTest","getTables"
"","967","shouldInsertAndSelectStruct()","","Wed Nov 05 16:57:47 UTC 2025","passed","Wed Nov 05 16:57:48 UTC 2025","","integration.tests.PreparedStatementTest","integration.tests.PreparedStatementTest","shouldInsertAndSelectStruct"
"","1004","shouldInsertAndSelectBlobClob()","","Wed Nov 05 16:58:08 UTC 2025","passed","Wed Nov 05 16:58:09 UTC 2025","","integration.tests.PreparedStatementTest","integration.tests.PreparedStatementTest","shouldInsertAndSelectBlobClob"
"","470","maxFieldSize(int) [2] 3","","Wed Nov 05 16:58:55 UTC 2025","passed","Wed Nov 05 16:58:55 UTC 2025","","integration.tests.StatementTest","integration.tests.StatementTest","maxFieldSize"
"","90","getTables(String, String, String, String, String, String) [22] null, information_schema, %in%, VIEW, engines, tables","","Wed Nov 05 16:59:37 UTC 2025","passed","Wed Nov 05 16:59:37 UTC 2025","","integration.tests.SystemEngineDatabaseMetaDataTest","integration.tests.SystemEngineDatabaseMetaDataTest","getTables"
"","556","shouldSelect1WithEngine()","","Wed Nov 05 16:59:16 UTC 2025","passed","Wed Nov 05 16:59:16 UTC 2025","","integration.tests.StatementTest","integration.tests.StatementTest","shouldSelect1WithEngine"
"","508","cannotChangeToDatabaseThatDoesNotExist()","","Wed Nov 05 16:58:56 UTC 2025","passed","Wed Nov 05 16:58:57 UTC 2025","","integration.tests.StatementTest","integration.tests.StatementTest","cannotChangeToDatabaseThatDoesNotExist"
"","1989","shouldHandleSequentialTransactions()","","Wed Nov 05 17:09:19 UTC 2025","passed","Wed Nov 05 17:09:21 UTC 2025","","integration.tests.TransactionTest","integration.tests.TransactionTest","shouldHandleSequentialTransactions"
"","86","nanDoubleSystemEngine(String) [1] select 'nan'::double","","Wed Nov 05 16:58:14 UTC 2025","passed","Wed Nov 05 16:58:14 UTC 2025","","integration.tests.SpecialValuesTest","integration.tests.SpecialValuesTest","nanDoubleSystemEngine"
"","81","nanRealUserEngine(String) [3] select '-nan'::real","","Wed Nov 05 16:58:12 UTC 2025","passed","Wed Nov 05 16:58:12 UTC 2025","","integration.tests.SpecialValuesTest","integration.tests.SpecialValuesTest","nanRealUserEngine"
"","178","shouldReturnTimestampFromDate()","","Wed Nov 05 17:09:09 UTC 2025","passed","Wed Nov 05 17:09:09 UTC 2025","","integration.tests.TimestampTest","integration.tests.TimestampTest","shouldReturnTimestampFromDate"
"","716","integerAndStringWithNullValues(PreparedStatementValueSetter) set ARRAY","","Wed Nov 05 16:57:24 UTC 2025","passed","Wed Nov 05 16:57:25 UTC 2025","","integration.tests.PreparedStatementArrayTest","integration.tests.PreparedStatementArrayTest","integerAndStringWithNullValues"
"","151","getColumns(String, String, String, String, String, String) [1] null, null, null, null, information_schema.columns.column_name, null","","Wed Nov 05 16:59:38 UTC 2025","passed","Wed Nov 05 16:59:38 UTC 2025","","integration.tests.SystemEngineDatabaseMetaDataTest","integration.tests.SystemEngineDatabaseMetaDataTest","getColumns"
"","88","getSchemasInformationSchema(String, String, String) [6] {database}, null, information_schema","","Wed Nov 05 16:59:34 UTC 2025","passed","Wed Nov 05 16:59:34 UTC 2025","","integration.tests.SystemEngineDatabaseMetaDataTest","integration.tests.SystemEngineDatabaseMetaDataTest","getSchemasInformationSchema"
"","86","getColumns(String, String, String, String, String, String) [34] wrong_catalog, %form%, %in%, type, null, information_schema.engines.type","","Wed Nov 05 16:59:41 UTC 2025","passed","Wed Nov 05 16:59:42 UTC 2025","","integration.tests.SystemEngineDatabaseMetaDataTest","integration.tests.SystemEngineDatabaseMetaDataTest","getColumns"
"","479","maxFieldSize(int) [1] 1","","Wed Nov 05 16:58:54 UTC 2025","passed","Wed Nov 05 16:58:55 UTC 2025","","integration.tests.StatementTest","integration.tests.StatementTest","maxFieldSize"
"","90","getTables(String, String, String, String, String, String) [23] null, information%, %in%, VIEW, engines, tables","","Wed Nov 05 16:59:37 UTC 2025","passed","Wed Nov 05 16:59:37 UTC 2025","","integration.tests.SystemEngineDatabaseMetaDataTest","integration.tests.SystemEngineDatabaseMetaDataTest","getTables"
"","566","shouldFetchSpecialCharacters()","","Wed Nov 05 16:57:54 UTC 2025","passed","Wed Nov 05 16:57:55 UTC 2025","","integration.tests.PreparedStatementTest","integration.tests.PreparedStatementTest","shouldFetchSpecialCharacters"
"","714","shouldInsertRecordsUsingDifferentNumericTypes(String, CheckedVoidTriFunction, CheckedBiFunction) long","","Wed Nov 05 16:58:03 UTC 2025","passed","Wed Nov 05 16:58:04 UTC 2025","","integration.tests.PreparedStatementTest","integration.tests.PreparedStatementTest","shouldInsertRecordsUsingDifferentNumericTypes"
"","1265","shouldInsertAndSelectStruct()","","Wed Nov 05 16:57:32 UTC 2025","passed","Wed Nov 05 16:57:33 UTC 2025","","integration.tests.PreparedStatementFbNumericTest","integration.tests.PreparedStatementFbNumericTest","shouldInsertAndSelectStruct"
"","121","getColumns(String, String, String, String, String, String) [4] null, %schema, null, null, information_schema.columns.column_name, null","","Wed Nov 05 16:59:38 UTC 2025","passed","Wed Nov 05 16:59:39 UTC 2025","","integration.tests.SystemEngineDatabaseMetaDataTest","integration.tests.SystemEngineDatabaseMetaDataTest","getColumns"
"","927","preparedStatementUsingExplicitTypedNulls()","","Wed Nov 05 16:57:19 UTC 2025","passed","Wed Nov 05 16:57:20 UTC 2025","","integration.tests.NullableValuesTest","integration.tests.NullableValuesTest","preparedStatementUsingExplicitTypedNulls"
"","1046","shouldInsertAndSelectByteArray()","","Wed Nov 05 16:58:10 UTC 2025","passed","Wed Nov 05 16:58:11 UTC 2025","","integration.tests.PreparedStatementTest","integration.tests.PreparedStatementTest","shouldInsertAndSelectByteArray"
"","2170","shouldInsertAndSelectComplexStruct()","","Wed Nov 05 16:57:59 UTC 2025","passed","Wed Nov 05 16:58:01 UTC 2025","","integration.tests.PreparedStatementTest","integration.tests.PreparedStatementTest","shouldInsertAndSelectComplexStruct"
"","4662","connectToAccountWithoutUser()","","Wed Nov 05 17:00:52 UTC 2025","passed","Wed Nov 05 17:00:57 UTC 2025","","integration.tests.SystemEngineTest","integration.tests.SystemEngineTest","connectToAccountWithoutUser"
"","90","getTables(String, String, String, String, String, String) [3] null, information%, null, null, tables, null","","Wed Nov 05 16:59:35 UTC 2025","passed","Wed Nov 05 16:59:35 UTC 2025","","integration.tests.SystemEngineDatabaseMetaDataTest","integration.tests.SystemEngineDatabaseMetaDataTest","getTables"
"","91","getTables(String, String, String, String, String, String) [4] null, %schema, null, null, tables, null","","Wed Nov 05 16:59:35 UTC 2025","passed","Wed Nov 05 16:59:35 UTC 2025","","integration.tests.SystemEngineDatabaseMetaDataTest","integration.tests.SystemEngineDatabaseMetaDataTest","getTables"
"","85","infFloatAsDoubleSystemEngine(String) [2] select '+inf'::float","","Wed Nov 05 16:58:11 UTC 2025","passed","Wed Nov 05 16:58:11 UTC 2025","","integration.tests.SpecialValuesTest","integration.tests.SpecialValuesTest","infFloatAsDoubleSystemEngine"
"","80","minusInfDoubleUserEngine(String) [1] select '-inf'::double","","Wed Nov 05 16:58:12 UTC 2025","passed","Wed Nov 05 16:58:12 UTC 2025","","integration.tests.SpecialValuesTest","integration.tests.SpecialValuesTest","minusInfDoubleUserEngine"
"","90","getTables(String, String, String, String, String, String) [7] {database}, information_schema, null, null, tables, null","","Wed Nov 05 16:59:36 UTC 2025","passed","Wed Nov 05 16:59:36 UTC 2025","","integration.tests.SystemEngineDatabaseMetaDataTest","integration.tests.SystemEngineDatabaseMetaDataTest","getTables"
"","105","getColumns(String, String, String, String, String, String) [20] {database}, %form%, %in%, null, information_schema.engines.engine_name, information_schema.tables.table_name","","Wed Nov 05 16:59:40 UTC 2025","passed","Wed Nov 05 16:59:40 UTC 2025","","integration.tests.SystemEngineDatabaseMetaDataTest","integration.tests.SystemEngineDatabaseMetaDataTest","getColumns"
"","83","nanFloatAsDoubleSystemEngine(String) [3] select '-nan'::float","","Wed Nov 05 16:58:14 UTC 2025","passed","Wed Nov 05 16:58:14 UTC 2025","","integration.tests.SpecialValuesTest","integration.tests.SpecialValuesTest","nanFloatAsDoubleSystemEngine"
"","729","shouldReturnFalseWhenExecutingMultiStatementWithFirstStatementNotReturningAResultSet()","","Wed Nov 05 16:59:33 UTC 2025","passed","Wed Nov 05 16:59:34 UTC 2025","","integration.tests.StatementTest","integration.tests.StatementTest","shouldReturnFalseWhenExecutingMultiStatementWithFirstStatementNotReturningAResultSet"
"","93","successfulConnect(boolean, boolean) V2 using db:false engine:false","","Wed Nov 05 16:56:52 UTC 2025","passed","Wed Nov 05 16:56:52 UTC 2025","","integration.tests.ConnectionTest","integration.tests.ConnectionTest","successfulConnect"
"","93","shouldReturnColumns()","","Wed Nov 05 16:57:16 UTC 2025","passed","Wed Nov 05 16:57:16 UTC 2025","","integration.tests.DatabaseMetaDataTest","integration.tests.DatabaseMetaDataTest","shouldReturnColumns"
"","735","intAndStringValues(PreparedStatementValueSetter) set OBJECT","","Wed Nov 05 16:57:22 UTC 2025","passed","Wed Nov 05 16:57:23 UTC 2025","","integration.tests.PreparedStatementArrayTest","integration.tests.PreparedStatementArrayTest","intAndStringValues"
"","92","shouldGetTimeObjectsInDefaultUTCTimezone()","","Wed Nov 05 17:09:09 UTC 2025","passed","Wed Nov 05 17:09:09 UTC 2025","","integration.tests.TimestampTest","integration.tests.TimestampTest","shouldGetTimeObjectsInDefaultUTCTimezone"
"","459","shouldNotFailWhenParametersNotPresentAreSet()","","Wed Nov 05 16:57:47 UTC 2025","passed","Wed Nov 05 16:57:47 UTC 2025","","integration.tests.PreparedStatementFbNumericTest","integration.tests.PreparedStatementFbNumericTest","shouldNotFailWhenParametersNotPresentAreSet"
"","25334","useEngine()","","Wed Nov 05 17:01:02 UTC 2025","passed","Wed Nov 05 17:01:27 UTC 2025","","integration.tests.SystemEngineTest","integration.tests.SystemEngineTest","useEngine"
"","459","shouldSetParametersWithRandomIndex()","","Wed Nov 05 16:57:46 UTC 2025","passed","Wed Nov 05 16:57:47 UTC 2025","","integration.tests.PreparedStatementFbNumericTest","integration.tests.PreparedStatementFbNumericTest","shouldSetParametersWithRandomIndex"
"","1260","validatesOnSystemEngineIfParameterProvided()","","Wed Nov 05 16:56:49 UTC 2025","passed","Wed Nov 05 16:56:51 UTC 2025","","integration.tests.ConnectionTest","integration.tests.ConnectionTest","validatesOnSystemEngineIfParameterProvided"
"","138","nanRealSystemEngine(String) [2] select '+nan'::real","","Wed Nov 05 16:58:13 UTC 2025","passed","Wed Nov 05 16:58:13 UTC 2025","","integration.tests.SpecialValuesTest","integration.tests.SpecialValuesTest","nanRealSystemEngine"
"","1053","shouldParReplaceParamMarkersInMultistatementStatement()","","Wed Nov 05 16:57:52 UTC 2025","passed","Wed Nov 05 16:57:53 UTC 2025","","integration.tests.PreparedStatementTest","integration.tests.PreparedStatementTest","shouldParReplaceParamMarkersInMultistatementStatement"
"","486","setWrongParameterOnSystemEngineForV2(String, String, String) [2] set foo=bar, Unknown setting foo, 1","","Wed Nov 05 16:58:58 UTC 2025","passed","Wed Nov 05 16:58:58 UTC 2025","","integration.tests.StatementTest","integration.tests.StatementTest","setWrongParameterOnSystemEngineForV2"
"","97","getSchemasInformationSchema(String, String, String) [10] {database}, %form%, information_schema","","Wed Nov 05 16:59:35 UTC 2025","passed","Wed Nov 05 16:59:35 UTC 2025","","integration.tests.SystemEngineDatabaseMetaDataTest","integration.tests.SystemEngineDatabaseMetaDataTest","getSchemasInformationSchema"
"","0","canInsertBigDecimalUsingPreparedStatement()","","Wed Nov 05 17:09:33 UTC 2025","skipped","Wed Nov 05 17:09:33 UTC 2025","","integration.tests.datatype.BigDecimalTest","integration.tests.datatype.BigDecimalTest","canInsertBigDecimalUsingPreparedStatement"
"","834","shouldCommitTransactionWhenSwitchingToAutoCommit()","","Wed Nov 05 17:09:28 UTC 2025","passed","Wed Nov 05 17:09:29 UTC 2025","","integration.tests.TransactionTest","integration.tests.TransactionTest","shouldCommitTransactionWhenSwitchingToAutoCommit"
"","547","shouldGetMultipleResultSets()","","Wed Nov 05 16:59:02 UTC 2025","passed","Wed Nov 05 16:59:02 UTC 2025","","integration.tests.StatementTest","integration.tests.StatementTest","shouldGetMultipleResultSets"
"","1207","shouldNotRollbackTransactionWhenRollbackWasManuallyExecuted()","","Wed Nov 05 17:09:31 UTC 2025","passed","Wed Nov 05 17:09:32 UTC 2025","","integration.tests.TransactionTest","integration.tests.TransactionTest","shouldNotRollbackTransactionWhenRollbackWasManuallyExecuted"
"","504","maxFieldSize(int) [4] 50","","Wed Nov 05 16:58:56 UTC 2025","passed","Wed Nov 05 16:58:56 UTC 2025","","integration.tests.StatementTest","integration.tests.StatementTest","maxFieldSize"
"","449","shouldReturnTrueWhenExecutingAStatementThatReturnsAResultSet()","","Wed Nov 05 16:58:53 UTC 2025","passed","Wed Nov 05 16:58:54 UTC 2025","","integration.tests.StatementTest","integration.tests.StatementTest","shouldReturnTrueWhenExecutingAStatementThatReturnsAResultSet"
"","91","getTables(String, String, String, String, String, String) [3] null, null, null, VIEW;TABLE, integration_test;tables;views, null","","Wed Nov 05 16:57:14 UTC 2025","passed","Wed Nov 05 16:57:14 UTC 2025","","integration.tests.DatabaseMetaDataTest","integration.tests.DatabaseMetaDataTest","getTables"
"","841","getCatalogs()","","Wed Nov 05 16:59:42 UTC 2025","passed","Wed Nov 05 16:59:42 UTC 2025","","integration.tests.SystemEngineDatabaseMetaDataTest","integration.tests.SystemEngineDatabaseMetaDataTest","getCatalogs"
"","1158","executeCancelServerSideAsyncQueryWorksOnDifferentEngines()","","Wed Nov 05 16:55:16 UTC 2025","passed","Wed Nov 05 16:55:17 UTC 2025","","integration.tests.AsyncQueryTest","integration.tests.AsyncQueryTest","executeCancelServerSideAsyncQueryWorksOnDifferentEngines"
"","91","getTables(String, String, String, String, String, String) [20] {database}, %form%, %in%, null, engines, tables","","Wed Nov 05 16:59:37 UTC 2025","passed","Wed Nov 05 16:59:37 UTC 2025","","integration.tests.SystemEngineDatabaseMetaDataTest","integration.tests.SystemEngineDatabaseMetaDataTest","getTables"
"","2386","canExecuteRollbackOnAFailedTransaction()","","Wed Nov 05 17:09:16 UTC 2025","passed","Wed Nov 05 17:09:18 UTC 2025","","integration.tests.TransactionTest","integration.tests.TransactionTest","canExecuteRollbackOnAFailedTransaction"
"","605","shouldThrowExceptionWhenExecutingWrongQueryWithJsonError()","","Wed Nov 05 16:58:50 UTC 2025","passed","Wed Nov 05 16:58:50 UTC 2025","","integration.tests.StatementTest","integration.tests.StatementTest","shouldThrowExceptionWhenExecutingWrongQueryWithJsonError"
"","120","getColumns(String, String, String, String, String, String) [10] {database}, %form%, null, null, information_schema.columns.column_name, null","","Wed Nov 05 16:59:39 UTC 2025","passed","Wed Nov 05 16:59:39 UTC 2025","","integration.tests.SystemEngineDatabaseMetaDataTest","integration.tests.SystemEngineDatabaseMetaDataTest","getColumns"
"","537","unlimitedMaxFieldSize(int) [1] 0","","Wed Nov 05 16:58:45 UTC 2025","passed","Wed Nov 05 16:58:46 UTC 2025","","integration.tests.StatementTest","integration.tests.StatementTest","unlimitedMaxFieldSize"
"","84","infDoubleSystemEngine(String) [1] select 'inf'::double","","Wed Nov 05 16:58:14 UTC 2025","passed","Wed Nov 05 16:58:14 UTC 2025","","integration.tests.SpecialValuesTest","integration.tests.SpecialValuesTest","infDoubleSystemEngine"
"","750","preparedStatementUsingStringValueContainsStringNull()","","Wed Nov 05 16:57:18 UTC 2025","passed","Wed Nov 05 16:57:18 UTC 2025","","integration.tests.NullableValuesTest","integration.tests.NullableValuesTest","preparedStatementUsingStringValueContainsStringNull"
"","88","getTables(String, String, String, String, String, String) [7] null, null, %test, null, integration_test, tables;columns;views","","Wed Nov 05 16:57:15 UTC 2025","passed","Wed Nov 05 16:57:15 UTC 2025","","integration.tests.DatabaseMetaDataTest","integration.tests.DatabaseMetaDataTest","getTables"
"","83","nanDoubleSystemEngine(String) [3] select '-nan'::double","","Wed Nov 05 16:58:14 UTC 2025","passed","Wed Nov 05 16:58:14 UTC 2025","","integration.tests.SpecialValuesTest","integration.tests.SpecialValuesTest","nanDoubleSystemEngine"
"","89","getTables(String, String, String, String, String, String) [6] {database}, null, null, null, tables, null","","Wed Nov 05 16:59:35 UTC 2025","passed","Wed Nov 05 16:59:36 UTC 2025","","integration.tests.SystemEngineDatabaseMetaDataTest","integration.tests.SystemEngineDatabaseMetaDataTest","getTables"
"","574","unlimitedMaxFieldSize(int) [3] 100","","Wed Nov 05 16:58:46 UTC 2025","passed","Wed Nov 05 16:58:47 UTC 2025","","integration.tests.StatementTest","integration.tests.StatementTest","unlimitedMaxFieldSize"
"","1538","shouldThrowRequestBodyTooLargeExceptionForLargeData()","","Wed Nov 05 16:57:16 UTC 2025","passed","Wed Nov 05 16:57:18 UTC 2025","","integration.tests.ExceptionTypeTest","integration.tests.ExceptionTypeTest","shouldThrowRequestBodyTooLargeExceptionForLargeData"
"","580","shouldReuseStatementWhenNotCloseOnCompletion()","","Wed Nov 05 16:59:29 UTC 2025","passed","Wed Nov 05 16:59:30 UTC 2025","","integration.tests.StatementTest","integration.tests.StatementTest","shouldReuseStatementWhenNotCloseOnCompletion"
"","310","executeCancelServerSideAsyncQueryWithNonExistentTokenTest()","","Wed Nov 05 16:55:10 UTC 2025","passed","Wed Nov 05 16:55:10 UTC 2025","","integration.tests.AsyncQueryTest","integration.tests.AsyncQueryTest","executeCancelServerSideAsyncQueryWithNonExistentTokenTest"
"","10792","preparedStatementBatchesWorkIfMergeParameterProvided()","","Wed Nov 05 16:56:53 UTC 2025","passed","Wed Nov 05 16:57:03 UTC 2025","","integration.tests.ConnectionTest","integration.tests.ConnectionTest","preparedStatementBatchesWorkIfMergeParameterProvided"
"","479","shouldReturnTrueWhenExecutingMultiStatementWithFirstStatementReturningAResultSet()","","Wed Nov 05 16:58:49 UTC 2025","passed","Wed Nov 05 16:58:50 UTC 2025","","integration.tests.StatementTest","integration.tests.StatementTest","shouldReturnTrueWhenExecutingMultiStatementWithFirstStatementReturningAResultSet"
"","132","minusInfFloatAsDoubleUserEngine(String) [1] select '-inf'::float","","Wed Nov 05 16:58:13 UTC 2025","passed","Wed Nov 05 16:58:14 UTC 2025","","integration.tests.SpecialValuesTest","integration.tests.SpecialValuesTest","minusInfFloatAsDoubleUserEngine"
"","87","getTables(String, String, String, String, String, String) [29] {database}, %schema, %in%, VIEW, engines, tables","","Wed Nov 05 16:59:38 UTC 2025","passed","Wed Nov 05 16:59:38 UTC 2025","","integration.tests.SystemEngineDatabaseMetaDataTest","integration.tests.SystemEngineDatabaseMetaDataTest","getTables"
"","705","emptyIntAndStringValues(PreparedStatementValueSetter) set ARRAY","","Wed Nov 05 16:57:27 UTC 2025","passed","Wed Nov 05 16:57:28 UTC 2025","","integration.tests.PreparedStatementArrayTest","integration.tests.PreparedStatementArrayTest","emptyIntAndStringValues"
"","732","integerAndStringValues(PreparedStatementValueSetter) set ARRAY","","Wed Nov 05 16:57:26 UTC 2025","passed","Wed Nov 05 16:57:26 UTC 2025","","integration.tests.PreparedStatementArrayTest","integration.tests.PreparedStatementArrayTest","integerAndStringValues"
"","721","shouldInsertRecordsUsingDifferentNumericTypes(String, CheckedVoidTriFunction, CheckedBiFunction) int","","Wed Nov 05 16:57:42 UTC 2025","passed","Wed Nov 05 16:57:43 UTC 2025","","integration.tests.PreparedStatementFbNumericTest","integration.tests.PreparedStatementFbNumericTest","shouldInsertRecordsUsingDifferentNumericTypes"
"","544","unlimitedMaxFieldSize(int) [2] -1","","Wed Nov 05 16:58:46 UTC 2025","passed","Wed Nov 05 16:58:46 UTC 2025","","integration.tests.StatementTest","integration.tests.StatementTest","unlimitedMaxFieldSize"
"","81","nanFloatAsDoubleUserEngine(String) [1] select 'nan'::float","","Wed Nov 05 16:58:12 UTC 2025","passed","Wed Nov 05 16:58:13 UTC 2025","","integration.tests.SpecialValuesTest","integration.tests.SpecialValuesTest","nanFloatAsDoubleUserEngine"
"","1011","shouldInsertRecordsInBatch()","","Wed Nov 05 16:58:07 UTC 2025","passed","Wed Nov 05 16:58:08 UTC 2025","","integration.tests.PreparedStatementTest","integration.tests.PreparedStatementTest","shouldInsertRecordsInBatch"
"","81","infRealSystemEngine(String) [2] select '+inf'::real","","Wed Nov 05 16:58:11 UTC 2025","passed","Wed Nov 05 16:58:11 UTC 2025","","integration.tests.SpecialValuesTest","integration.tests.SpecialValuesTest","infRealSystemEngine"
"","89","shouldGetParsedTimeStampExtTimeObjects()","","Wed Nov 05 17:09:09 UTC 2025","passed","Wed Nov 05 17:09:09 UTC 2025","","integration.tests.TimestampTest","integration.tests.TimestampTest","shouldGetParsedTimeStampExtTimeObjects"
"","171","shouldReturnTimestampFromTimestampTzWithTzWithHoursAndMinutesWhenUsingTime_ZoneSettings()","","Wed Nov 05 17:09:11 UTC 2025","passed","Wed Nov 05 17:09:11 UTC 2025","","integration.tests.TimestampTest","integration.tests.TimestampTest","shouldReturnTimestampFromTimestampTzWithTzWithHoursAndMinutesWhenUsingTime_ZoneSettings"
"","88","getTables(String, String, String, String, String, String) [5] null, null, null, VIEW, views;tables, integration_test","","Wed Nov 05 16:57:15 UTC 2025","passed","Wed Nov 05 16:57:15 UTC 2025","","integration.tests.DatabaseMetaDataTest","integration.tests.DatabaseMetaDataTest","getTables"
"","89","shouldHandleLargeDecimals()","","Wed Nov 05 16:57:21 UTC 2025","passed","Wed Nov 05 16:57:21 UTC 2025","","integration.tests.NumericTypesTest","integration.tests.NumericTypesTest","shouldHandleLargeDecimals"
"","90","getTables(String, String, String, String, String, String) [32] null, null, %in%, VIEW;TABLE, engines, tables","","Wed Nov 05 16:59:38 UTC 2025","passed","Wed Nov 05 16:59:38 UTC 2025","","integration.tests.SystemEngineDatabaseMetaDataTest","integration.tests.SystemEngineDatabaseMetaDataTest","getTables"
"","482","shouldResetTheParameterIndex()","","Wed Nov 05 16:57:37 UTC 2025","passed","Wed Nov 05 16:57:37 UTC 2025","","integration.tests.PreparedStatementFbNumericTest","integration.tests.PreparedStatementFbNumericTest","shouldResetTheParameterIndex"
"","88","getColumns(String, String, String, String, String, String) [31] null, null, null, nobody, null, information_schema.columns.column_name","","Wed Nov 05 16:59:41 UTC 2025","passed","Wed Nov 05 16:59:41 UTC 2025","","integration.tests.SystemEngineDatabaseMetaDataTest","integration.tests.SystemEngineDatabaseMetaDataTest","getColumns"
"","2222","useDatabase(String) [1] ","","Wed Nov 05 17:00:57 UTC 2025","passed","Wed Nov 05 17:00:59 UTC 2025","","integration.tests.SystemEngineTest","integration.tests.SystemEngineTest","useDatabase"
"","121","shouldReturnColumnsFromSelect()","","Wed Nov 05 16:57:14 UTC 2025","passed","Wed Nov 05 16:57:14 UTC 2025","","integration.tests.DatabaseMetaDataTest","integration.tests.DatabaseMetaDataTest","shouldReturnColumnsFromSelect"
"","42","shouldThrowExceptionOn400WithoutRetry()","","Wed Nov 05 17:09:33 UTC 2025","passed","Wed Nov 05 17:09:33 UTC 2025","","integration.tests.client.RetryPolicyTest","integration.tests.client.RetryPolicyTest","shouldThrowExceptionOn400WithoutRetry"
"","477","successfulSettingOfPropertyThatRequiresAdvancedModeConfiguredWhenConnectionIsCreated()","","Wed Nov 05 16:58:48 UTC 2025","passed","Wed Nov 05 16:58:49 UTC 2025","","integration.tests.StatementTest","integration.tests.StatementTest","successfulSettingOfPropertyThatRequiresAdvancedModeConfiguredWhenConnectionIsCreated"
"","463","shouldSelect1()","","Wed Nov 05 16:59:33 UTC 2025","passed","Wed Nov 05 16:59:33 UTC 2025","","integration.tests.StatementTest","integration.tests.StatementTest","shouldSelect1"
"","380","shouldThrowExceptionWhenTryingToExecuteQueryThatWouldReturnMultipleResultSets()","","Wed Nov 05 16:58:54 UTC 2025","passed","Wed Nov 05 16:58:54 UTC 2025","","integration.tests.StatementTest","integration.tests.StatementTest","shouldThrowExceptionWhenTryingToExecuteQueryThatWouldReturnMultipleResultSets"
"","89","getTables(String, String, String, String, String, String) [8] {database}, information%, null, null, tables, null","","Wed Nov 05 16:59:36 UTC 2025","passed","Wed Nov 05 16:59:36 UTC 2025","","integration.tests.SystemEngineDatabaseMetaDataTest","integration.tests.SystemEngineDatabaseMetaDataTest","getTables"
"","121","shouldThrowExceptionWhenRollbackWithNoTransaction()","","Wed Nov 05 17:09:21 UTC 2025","passed","Wed Nov 05 17:09:21 UTC 2025","","integration.tests.TransactionTest","integration.tests.TransactionTest","shouldThrowExceptionWhenRollbackWithNoTransaction"
"","87","getColumns(String, String, String, String, String, String) [26] {database}, null, %in%, table_catalog, information_schema.indexes.table_catalog, information_schema.indexes.table_schema","","Wed Nov 05 16:59:41 UTC 2025","passed","Wed Nov 05 16:59:41 UTC 2025","","integration.tests.SystemEngineDatabaseMetaDataTest","integration.tests.SystemEngineDatabaseMetaDataTest","getColumns"
"","83","nanFloatAsDoubleSystemEngine(String) [2] select '+nan'::float","","Wed Nov 05 16:58:14 UTC 2025","passed","Wed Nov 05 16:58:14 UTC 2025","","integration.tests.SpecialValuesTest","integration.tests.SpecialValuesTest","nanFloatAsDoubleSystemEngine"
"","1","missingAccount()","","Wed Nov 05 16:57:18 UTC 2025","passed","Wed Nov 05 16:57:18 UTC 2025","","integration.tests.MissingDataTest","integration.tests.MissingDataTest","missingAccount"
"","91","getTables(String, String, String, String, String, String) [2] null, information_schema, null, null, tables, null","","Wed Nov 05 16:59:35 UTC 2025","passed","Wed Nov 05 16:59:35 UTC 2025","","integration.tests.SystemEngineDatabaseMetaDataTest","integration.tests.SystemEngineDatabaseMetaDataTest","getTables"
"","691","shouldInsertRecordsUsingDifferentNumericTypes(String, CheckedVoidTriFunction, CheckedBiFunction) byte","","Wed Nov 05 16:58:01 UTC 2025","passed","Wed Nov 05 16:58:02 UTC 2025","","integration.tests.PreparedStatementTest","integration.tests.PreparedStatementTest","shouldInsertRecordsUsingDifferentNumericTypes"
"","106","shouldReturnSchema()","","Wed Nov 05 16:57:14 UTC 2025","passed","Wed Nov 05 16:57:14 UTC 2025","","integration.tests.DatabaseMetaDataTest","integration.tests.DatabaseMetaDataTest","shouldReturnSchema"
"","89","shouldRemoveOffsetDIffWhenTimestampOffsetHasChangedCET()","","Wed Nov 05 17:09:09 UTC 2025","passed","Wed Nov 05 17:09:10 UTC 2025","","integration.tests.TimestampTest","integration.tests.TimestampTest","shouldRemoveOffsetDIffWhenTimestampOffsetHasChangedCET"
"","363802","shouldExecuteRequestWithoutTimeoutV2()","","Wed Nov 05 17:03:02 UTC 2025","passed","Wed Nov 05 17:09:06 UTC 2025","","integration.tests.TimeoutTest","integration.tests.TimeoutTest","shouldExecuteRequestWithoutTimeoutV2"
"","83","nanDoubleUserEngine(String) [3] select '-nan'::double","","Wed Nov 05 16:58:12 UTC 2025","passed","Wed Nov 05 16:58:12 UTC 2025","","integration.tests.SpecialValuesTest","integration.tests.SpecialValuesTest","nanDoubleUserEngine"
"","82","infRealSystemEngine(String) [1] select 'inf'::real","","Wed Nov 05 16:58:11 UTC 2025","passed","Wed Nov 05 16:58:11 UTC 2025","","integration.tests.SpecialValuesTest","integration.tests.SpecialValuesTest","infRealSystemEngine"
"","99","getColumns(String, String, String, String, String, String) [19] {database}, %schema, %in%, null, information_schema.engines.engine_name, information_schema.tables.table_name","","Wed Nov 05 16:59:40 UTC 2025","passed","Wed Nov 05 16:59:40 UTC 2025","","integration.tests.SystemEngineDatabaseMetaDataTest","integration.tests.SystemEngineDatabaseMetaDataTest","getColumns"
"","88","getSchemasInformationSchema(String, String, String) [8] {database}, information%, information_schema","","Wed Nov 05 16:59:35 UTC 2025","passed","Wed Nov 05 16:59:35 UTC 2025","","integration.tests.SystemEngineDatabaseMetaDataTest","integration.tests.SystemEngineDatabaseMetaDataTest","getSchemasInformationSchema"
"","100","getColumns(String, String, String, String, String, String) [15] null, %form%, %in%, null, information_schema.engines.engine_name, information_schema.tables.table_name","","Wed Nov 05 16:59:40 UTC 2025","passed","Wed Nov 05 16:59:40 UTC 2025","","integration.tests.SystemEngineDatabaseMetaDataTest","integration.tests.SystemEngineDatabaseMetaDataTest","getColumns"
"","469","shouldFailWhenParameterNotProvided()","","Wed Nov 05 16:57:37 UTC 2025","passed","Wed Nov 05 16:57:38 UTC 2025","","integration.tests.PreparedStatementFbNumericTest","integration.tests.PreparedStatementFbNumericTest","shouldFailWhenParameterNotProvided"
"","172","shouldReturnTimestampFromTimestampTzWithTzWithHoursAndMinutesAndSeconds()","","Wed Nov 05 17:09:10 UTC 2025","passed","Wed Nov 05 17:09:11 UTC 2025","","integration.tests.TimestampTest","integration.tests.TimestampTest","shouldReturnTimestampFromTimestampTzWithTzWithHoursAndMinutesAndSeconds"
"","468","setWrongParameterOnSystemEngineForV2(String, String, String) [1] set foo=bar, query param not allowed: foo, 0","","Wed Nov 05 16:58:57 UTC 2025","passed","Wed Nov 05 16:58:58 UTC 2025","","integration.tests.StatementTest","integration.tests.StatementTest","setWrongParameterOnSystemEngineForV2"
"","96","getColumns(String, String, String, String, String, String) [16] {database}, null, %in%, null, information_schema.engines.engine_name, information_schema.tables.table_name","","Wed Nov 05 16:59:40 UTC 2025","passed","Wed Nov 05 16:59:40 UTC 2025","","integration.tests.SystemEngineDatabaseMetaDataTest","integration.tests.SystemEngineDatabaseMetaDataTest","getColumns"
"","87","getTables(String, String, String, String, String, String) [21] null, null, %in%, VIEW, engines, tables","","Wed Nov 05 16:59:37 UTC 2025","passed","Wed Nov 05 16:59:37 UTC 2025","","integration.tests.SystemEngineDatabaseMetaDataTest","integration.tests.SystemEngineDatabaseMetaDataTest","getTables"
"","87","getColumns(String, String, String, String, String, String) [29] {database}, %schema, %in%, region, information_schema.engines.region, information_schema.engines.status","","Wed Nov 05 16:59:41 UTC 2025","passed","Wed Nov 05 16:59:41 UTC 2025","","integration.tests.SystemEngineDatabaseMetaDataTest","integration.tests.SystemEngineDatabaseMetaDataTest","getColumns"
"","1056","nullableBiDimensionalArray()","","Wed Nov 05 16:57:30 UTC 2025","passed","Wed Nov 05 16:57:32 UTC 2025","","integration.tests.PreparedStatementArrayTest","integration.tests.PreparedStatementArrayTest","nullableBiDimensionalArray"
"","829","shouldWorkWithPreparedStatements()","","Wed Nov 05 17:09:32 UTC 2025","passed","Wed Nov 05 17:09:33 UTC 2025","","integration.tests.TransactionTest","integration.tests.TransactionTest","shouldWorkWithPreparedStatements"
"","1336","networkPolicyBlockedServiceAccountThrowsError()","","Wed Nov 05 16:56:51 UTC 2025","passed","Wed Nov 05 16:56:52 UTC 2025","","integration.tests.ConnectionTest","integration.tests.ConnectionTest","networkPolicyBlockedServiceAccountThrowsError"
"","597","setCorrectThenWrongParameterOnUserEngine()","","Wed Nov 05 16:58:47 UTC 2025","passed","Wed Nov 05 16:58:48 UTC 2025","","integration.tests.StatementTest","integration.tests.StatementTest","setCorrectThenWrongParameterOnUserEngine"
"","1028","shouldInsertAndRetrieveUrl()","","Wed Nov 05 16:57:35 UTC 2025","passed","Wed Nov 05 16:57:36 UTC 2025","","integration.tests.PreparedStatementFbNumericTest","integration.tests.PreparedStatementFbNumericTest","shouldInsertAndRetrieveUrl"
"","950","shouldFailAllPreparedStatementsFromBatchIfOneFails()","","Wed Nov 05 16:57:53 UTC 2025","passed","Wed Nov 05 16:57:54 UTC 2025","","integration.tests.PreparedStatementTest","integration.tests.PreparedStatementTest","shouldFailAllPreparedStatementsFromBatchIfOneFails"
"","731","shouldInsertRecordsUsingDifferentNumericTypes(String, CheckedVoidTriFunction, CheckedBiFunction) getObject(i, java.util.Map.of(""long"", Integer.class)","","Wed Nov 05 16:58:05 UTC 2025","passed","Wed Nov 05 16:58:05 UTC 2025","","integration.tests.PreparedStatementTest","integration.tests.PreparedStatementTest","shouldInsertRecordsUsingDifferentNumericTypes"
"","90","getTables(String, String, String, String, String, String) [14] null, %schema, %in%, null, engines, tables","","Wed Nov 05 16:59:36 UTC 2025","passed","Wed Nov 05 16:59:36 UTC 2025","","integration.tests.SystemEngineDatabaseMetaDataTest","integration.tests.SystemEngineDatabaseMetaDataTest","getTables"
"","849","mixedCaseTable(String, String, String, String) [1] CREATE FACT TABLE Case_Test (x long), case_test, Case_Test, case_test","","Wed Nov 05 16:59:30 UTC 2025","passed","Wed Nov 05 16:59:31 UTC 2025","","integration.tests.StatementTest","integration.tests.StatementTest","mixedCaseTable"
"","774","shouldReplaceParamMarkers()","","Wed Nov 05 16:58:05 UTC 2025","passed","Wed Nov 05 16:58:06 UTC 2025","","integration.tests.PreparedStatementTest","integration.tests.PreparedStatementTest","shouldReplaceParamMarkers"
"","82","nanRealUserEngine(String) [2] select '+nan'::real","","Wed Nov 05 16:58:12 UTC 2025","passed","Wed Nov 05 16:58:12 UTC 2025","","integration.tests.SpecialValuesTest","integration.tests.SpecialValuesTest","nanRealUserEngine"
"","97","getColumns(String, String, String, String, String, String) [13] null, information%, %in%, null, information_schema.engines.engine_name, information_schema.tables.table_name","","Wed Nov 05 16:59:40 UTC 2025","passed","Wed Nov 05 16:59:40 UTC 2025","","integration.tests.SystemEngineDatabaseMetaDataTest","integration.tests.SystemEngineDatabaseMetaDataTest","getColumns"
"","174","shouldReturnTimestampFromTimestampTzWithTzWithHoursAndMinutes()","","Wed Nov 05 17:09:11 UTC 2025","passed","Wed Nov 05 17:09:11 UTC 2025","","integration.tests.TimestampTest","integration.tests.TimestampTest","shouldReturnTimestampFromTimestampTzWithTzWithHoursAndMinutes"
"","438","empty(String) query:--;","","Wed Nov 05 16:59:00 UTC 2025","passed","Wed Nov 05 16:59:00 UTC 2025","","integration.tests.StatementTest","integration.tests.StatementTest","empty"
"","782","preparedStatementUsingDefaultNulls()","","Wed Nov 05 16:57:20 UTC 2025","passed","Wed Nov 05 16:57:21 UTC 2025","","integration.tests.NullableValuesTest","integration.tests.NullableValuesTest","preparedStatementUsingDefaultNulls"
"","1373","shouldCommitTableCreationAndDataInsertion()","","Wed Nov 05 17:09:29 UTC 2025","passed","Wed Nov 05 17:09:31 UTC 2025","","integration.tests.TransactionTest","integration.tests.TransactionTest","shouldCommitTableCreationAndDataInsertion"
"","2593","shouldExecuteBatch()","","Wed Nov 05 16:59:02 UTC 2025","passed","Wed Nov 05 16:59:05 UTC 2025","","integration.tests.StatementTest","integration.tests.StatementTest","shouldExecuteBatch"
